fact_key,orderid,source,orderdate,orderdate_key,shippeddate,shippeddate_key,customer_key,employee_key,delivered,freight,company_norm,employee_norm
1,10248,sql,1996-07-04 00:00:00,19960704,1996-07-16,19960716.0,115,17,1,32.38,vins et alcools chevalier,steven buchanan
2,10249,sql,1996-07-05 00:00:00,19960705,1996-07-10,19960710.0,109,12,1,11.61,toms spezialitaten,michael suyama
3,10250,sql,1996-07-08 00:00:00,19960708,1996-07-12,19960712.0,64,9,1,65.83,hanari carnes,margaret peacock
4,10251,sql,1996-07-08 00:00:00,19960708,1996-07-15,19960715.0,114,6,1,41.34,victuailles en stock,janet leverling
5,10252,sql,1996-07-09 00:00:00,19960709,1996-07-11,19960711.0,106,9,1,51.3,supremes delices,margaret peacock
6,10253,sql,1996-07-10 00:00:00,19960710,1996-07-16,19960716.0,64,6,1,58.17,hanari carnes,janet leverling
7,10254,sql,1996-07-11 00:00:00,19960711,1996-07-23,19960723.0,14,17,1,22.98,chop suey chinese,steven buchanan
8,10255,sql,1996-07-12 00:00:00,19960712,1996-07-15,19960715.0,98,3,1,148.33,richter supermarkt,anne dodsworth
9,10256,sql,1996-07-15 00:00:00,19960715,1996-07-17,19960717.0,117,6,1,13.97,wellington importadora,janet leverling
10,10257,sql,1996-07-16 00:00:00,19960716,1996-07-22,19960722.0,65,9,1,81.91,hilarion abastos,margaret peacock
11,10258,sql,1996-07-17 00:00:00,19960717,1996-07-23,19960723.0,50,13,1,140.51,ernst handel,nancy davolio
12,10259,sql,1996-07-18 00:00:00,19960718,1996-07-25,19960725.0,13,9,1,3.25,centro comercial moctezuma,margaret peacock
13,10260,sql,1996-07-19 00:00:00,19960719,1996-07-29,19960729.0,86,9,1,55.09,ottilies kaseladen,margaret peacock
14,10261,sql,1996-07-19 00:00:00,19960719,1996-07-30,19960730.0,91,9,1,3.05,que delicia,margaret peacock
15,10262,sql,1996-07-22 00:00:00,19960722,1996-07-25,19960725.0,95,7,1,48.29,rattlesnake canyon grocery,laura callahan
16,10263,sql,1996-07-23 00:00:00,19960723,1996-07-31,19960731.0,50,3,1,146.06,ernst handel,anne dodsworth
17,10264,sql,1996-07-24 00:00:00,19960724,1996-08-23,19960823.0,54,12,1,3.67,folk och fa hb,michael suyama
18,10265,sql,1996-07-25 00:00:00,19960725,1996-08-12,19960812.0,8,2,1,55.28,blondesddsl pere et fils,andrew fuller
19,10266,sql,1996-07-26 00:00:00,19960726,1996-07-31,19960731.0,116,6,1,25.73,wartian herkku,janet leverling
20,10267,sql,1996-07-29 00:00:00,19960729,1996-08-06,19960806.0,57,9,1,208.58,frankenversand,margaret peacock
21,10268,sql,1996-07-30 00:00:00,19960730,1996-08-02,19960802.0,63,7,1,66.29,grosella restaurante,laura callahan
22,10269,sql,1996-07-31 00:00:00,19960731,1996-08-09,19960809.0,118,17,1,4.56,white clover markets,steven buchanan
23,10270,sql,1996-08-01 00:00:00,19960801,1996-08-02,19960802.0,116,13,1,136.54,wartian herkku,nancy davolio
24,10271,sql,1996-08-01 00:00:00,19960801,1996-08-30,19960830.0,105,12,1,4.54,split rail beer & ale,michael suyama
25,10272,sql,1996-08-02 00:00:00,19960802,1996-08-06,19960806.0,95,12,1,98.03,rattlesnake canyon grocery,michael suyama
26,10273,sql,1996-08-05 00:00:00,19960805,1996-08-12,19960812.0,93,6,1,76.07,quick stop,janet leverling
27,10274,sql,1996-08-06 00:00:00,19960806,1996-08-16,19960816.0,115,12,1,6.01,vins et alcools chevalier,michael suyama
28,10275,sql,1996-08-07 00:00:00,19960807,1996-08-09,19960809.0,79,13,1,26.93,magazzini alimentari riuniti,nancy davolio
29,10276,sql,1996-08-08 00:00:00,19960808,1996-08-14,19960814.0,110,7,1,13.84,tortuga restaurante,laura callahan
30,10277,sql,1996-08-09 00:00:00,19960809,1996-08-13,19960813.0,82,2,1,125.77,morgenstern gesundkost,andrew fuller
31,10278,sql,1996-08-12 00:00:00,19960812,1996-08-16,19960816.0,6,7,1,92.69,berglunds snabbkop,laura callahan
32,10279,sql,1996-08-13 00:00:00,19960813,1996-08-16,19960816.0,74,7,1,25.83,lehmanns marktstand,laura callahan
33,10280,sql,1996-08-14 00:00:00,19960814,1996-09-12,19960912.0,6,2,1,8.98,berglunds snabbkop,andrew fuller
34,10281,sql,1996-08-14 00:00:00,19960814,1996-08-21,19960821.0,99,9,1,2.94,romero y tomillo,margaret peacock
35,10282,sql,1996-08-15 00:00:00,19960815,1996-08-21,19960821.0,99,9,1,12.69,romero y tomillo,margaret peacock
36,10283,sql,1996-08-16 00:00:00,19960816,1996-08-23,19960823.0,76,6,1,84.81,lila supermercado,janet leverling
37,10284,sql,1996-08-19 00:00:00,19960819,1996-08-27,19960827.0,74,9,1,76.56,lehmanns marktstand,margaret peacock
38,10285,sql,1996-08-20 00:00:00,19960820,1996-08-26,19960826.0,93,13,1,76.83,quick stop,nancy davolio
39,10286,sql,1996-08-21 00:00:00,19960821,1996-08-30,19960830.0,93,7,1,229.24,quick stop,laura callahan
40,10287,sql,1996-08-22 00:00:00,19960822,1996-08-28,19960828.0,97,7,1,12.76,ricardo adocicados,laura callahan
41,10288,sql,1996-08-23 00:00:00,19960823,1996-09-03,19960903.0,96,9,1,7.45,reggiani caseifici,margaret peacock
42,10289,sql,1996-08-26 00:00:00,19960826,1996-08-28,19960828.0,5,15,1,22.77,b's beverages,robert king
43,10290,sql,1996-08-27 00:00:00,19960827,1996-09-03,19960903.0,15,7,1,79.7,comercio mineiro,laura callahan
44,10291,sql,1996-08-27 00:00:00,19960827,1996-09-04,19960904.0,91,12,1,6.4,que delicia,michael suyama
45,10292,sql,1996-08-28 00:00:00,19960828,1996-09-02,19960902.0,111,13,1,1.35,tradicao hipermercados,nancy davolio
46,10293,sql,1996-08-29 00:00:00,19960829,1996-09-11,19960911.0,110,13,1,21.18,tortuga restaurante,nancy davolio
47,10294,sql,1996-08-30 00:00:00,19960830,1996-09-05,19960905.0,95,9,1,147.26,rattlesnake canyon grocery,margaret peacock
48,10295,sql,1996-09-02 00:00:00,19960902,1996-09-10,19960910.0,115,2,1,1.15,vins et alcools chevalier,andrew fuller
49,10296,sql,1996-09-03 00:00:00,19960903,1996-09-11,19960911.0,76,12,1,0.12,lila supermercado,michael suyama
50,10297,sql,1996-09-04 00:00:00,19960904,1996-09-10,19960910.0,8,17,1,5.74,blondesddsl pere et fils,steven buchanan
51,10298,sql,1996-09-05 00:00:00,19960905,1996-09-11,19960911.0,67,12,1,168.22,hungry owl all night grocers,michael suyama
52,10299,sql,1996-09-06 00:00:00,19960906,1996-09-13,19960913.0,97,9,1,29.76,ricardo adocicados,margaret peacock
53,10300,sql,1996-09-09 00:00:00,19960909,1996-09-18,19960918.0,79,2,1,17.68,magazzini alimentari riuniti,andrew fuller
54,10301,sql,1996-09-09 00:00:00,19960909,1996-09-17,19960917.0,46,7,1,45.08,die wandernde kuh,laura callahan
55,10302,sql,1996-09-10 00:00:00,19960910,1996-10-09,19961009.0,106,9,1,6.27,supremes delices,margaret peacock
56,10303,sql,1996-09-11 00:00:00,19960911,1996-09-18,19960918.0,60,15,1,107.83,godos cocina tipica,robert king
57,10304,sql,1996-09-12 00:00:00,19960912,1996-09-17,19960917.0,110,13,1,63.79,tortuga restaurante,nancy davolio
58,10305,sql,1996-09-13 00:00:00,19960913,1996-10-09,19961009.0,85,7,1,257.62,old world delicatessen,laura callahan
59,10306,sql,1996-09-16 00:00:00,19960916,1996-09-23,19960923.0,99,13,1,7.56,romero y tomillo,nancy davolio
60,10307,sql,1996-09-17 00:00:00,19960917,1996-09-25,19960925.0,78,2,1,0.56,lonesome pine restaurant,andrew fuller
61,10308,sql,1996-09-18 00:00:00,19960918,1996-09-24,19960924.0,2,15,1,1.61,ana trujillo emparedados y helados,robert king
62,10309,sql,1996-09-19 00:00:00,19960919,1996-10-23,19961023.0,67,6,1,47.3,hungry owl all night grocers,janet leverling
63,10310,sql,1996-09-20 00:00:00,19960920,1996-09-27,19960927.0,107,7,1,17.52,the big cheese,laura callahan
64,10311,sql,1996-09-20 00:00:00,19960920,1996-09-26,19960926.0,48,13,1,24.69,du monde entier,nancy davolio
65,10312,sql,1996-09-23 00:00:00,19960923,1996-10-03,19961003.0,46,2,1,40.26,die wandernde kuh,andrew fuller
66,10313,sql,1996-09-24 00:00:00,19960924,1996-10-04,19961004.0,93,2,1,1.96,quick stop,andrew fuller
67,10314,sql,1996-09-25 00:00:00,19960925,1996-10-04,19961004.0,95,13,1,74.16,rattlesnake canyon grocery,nancy davolio
68,10315,sql,1996-09-26 00:00:00,19960926,1996-10-03,19961003.0,68,9,1,41.76,island trading,margaret peacock
69,10316,sql,1996-09-27 00:00:00,19960927,1996-10-08,19961008.0,95,13,1,150.15,rattlesnake canyon grocery,nancy davolio
70,10317,sql,1996-09-30 00:00:00,19960930,1996-10-10,19961010.0,78,12,1,12.69,lonesome pine restaurant,michael suyama
71,10318,sql,1996-10-01 00:00:00,19961001,1996-10-04,19961004.0,68,7,1,4.73,island trading,laura callahan
72,10319,sql,1996-10-02 00:00:00,19961002,1996-10-11,19961011.0,110,15,1,64.5,tortuga restaurante,robert king
73,10320,sql,1996-10-03 00:00:00,19961003,1996-10-18,19961018.0,116,17,1,34.57,wartian herkku,steven buchanan
74,10321,sql,1996-10-03 00:00:00,19961003,1996-10-11,19961011.0,68,6,1,3.43,island trading,janet leverling
75,10322,sql,1996-10-04 00:00:00,19961004,1996-10-23,19961023.0,88,15,1,0.4,pericles comidas clasicas,robert king
76,10323,sql,1996-10-07 00:00:00,19961007,1996-10-14,19961014.0,69,9,1,4.88,koniglich essen,margaret peacock
77,10324,sql,1996-10-08 00:00:00,19961008,1996-10-10,19961010.0,101,3,1,214.27,save a lot markets,anne dodsworth
78,10325,sql,1996-10-09 00:00:00,19961009,1996-10-14,19961014.0,69,13,1,64.86,koniglich essen,nancy davolio
79,10326,sql,1996-10-10 00:00:00,19961010,1996-10-14,19961014.0,9,9,1,77.92,bolido comidas preparadas,margaret peacock
80,10327,sql,1996-10-11 00:00:00,19961011,1996-10-14,19961014.0,54,2,1,63.36,folk och fa hb,andrew fuller
81,10328,sql,1996-10-14 00:00:00,19961014,1996-10-17,19961017.0,58,9,1,87.03,furia bacalhau e frutos do mar,margaret peacock
82,10329,sql,1996-10-15 00:00:00,19961015,1996-10-23,19961023.0,105,9,1,191.67,split rail beer & ale,margaret peacock
83,10330,sql,1996-10-16 00:00:00,19961016,1996-10-28,19961028.0,76,6,1,12.75,lila supermercado,janet leverling
84,10331,sql,1996-10-16 00:00:00,19961016,1996-10-21,19961021.0,10,3,1,10.19,bon app',anne dodsworth
85,10332,sql,1996-10-17 00:00:00,19961017,1996-10-21,19961021.0,81,6,1,52.84,mere paillarde,janet leverling
86,10333,sql,1996-10-18 00:00:00,19961018,1996-10-25,19961025.0,116,17,1,0.59,wartian herkku,steven buchanan
87,10334,sql,1996-10-21 00:00:00,19961021,1996-10-28,19961028.0,114,7,1,8.56,victuailles en stock,laura callahan
88,10335,sql,1996-10-22 00:00:00,19961022,1996-10-24,19961024.0,67,15,1,42.11,hungry owl all night grocers,robert king
89,10336,sql,1996-10-23 00:00:00,19961023,1996-10-25,19961025.0,90,15,1,15.51,princesa isabel vinhos,robert king
90,10337,sql,1996-10-24 00:00:00,19961024,1996-10-29,19961029.0,57,9,1,108.26,frankenversand,margaret peacock
91,10338,sql,1996-10-25 00:00:00,19961025,1996-10-29,19961029.0,85,9,1,84.21,old world delicatessen,margaret peacock
92,10339,sql,1996-10-28 00:00:00,19961028,1996-11-04,19961104.0,81,2,1,15.66,mere paillarde,andrew fuller
93,10340,sql,1996-10-29 00:00:00,19961029,1996-11-08,19961108.0,10,13,1,166.31,bon app',nancy davolio
94,10341,sql,1996-10-29 00:00:00,19961029,1996-11-05,19961105.0,103,15,1,26.78,simons bistro,robert king
95,10342,sql,1996-10-30 00:00:00,19961030,1996-11-04,19961104.0,57,9,1,54.83,frankenversand,margaret peacock
96,10343,sql,1996-10-31 00:00:00,19961031,1996-11-06,19961106.0,74,9,1,110.37,lehmanns marktstand,margaret peacock
97,10344,sql,1996-11-01 00:00:00,19961101,1996-11-05,19961105.0,118,9,1,23.29,white clover markets,margaret peacock
98,10345,sql,1996-11-04 00:00:00,19961104,1996-11-11,19961111.0,93,2,1,249.06,quick stop,andrew fuller
99,10346,sql,1996-11-05 00:00:00,19961105,1996-11-08,19961108.0,95,6,1,142.08,rattlesnake canyon grocery,janet leverling
100,10347,sql,1996-11-06 00:00:00,19961106,1996-11-08,19961108.0,51,9,1,3.1,familia arquibaldo,margaret peacock
101,10348,sql,1996-11-07 00:00:00,19961107,1996-11-15,19961115.0,46,9,1,0.78,die wandernde kuh,margaret peacock
102,10349,sql,1996-11-08 00:00:00,19961108,1996-11-15,19961115.0,105,15,1,8.63,split rail beer & ale,robert king
103,10350,sql,1996-11-11 00:00:00,19961111,1996-12-03,19961203.0,71,12,1,64.19,la maison d'asie,michael suyama
104,10351,sql,1996-11-11 00:00:00,19961111,1996-11-20,19961120.0,50,13,1,162.33,ernst handel,nancy davolio
105,10352,sql,1996-11-12 00:00:00,19961112,1996-11-18,19961118.0,58,6,1,1.3,furia bacalhau e frutos do mar,janet leverling
106,10353,sql,1996-11-13 00:00:00,19961113,1996-11-25,19961125.0,89,15,1,360.63,piccolo und mehr,robert king
107,10354,sql,1996-11-14 00:00:00,19961114,1996-11-20,19961120.0,88,7,1,53.8,pericles comidas clasicas,laura callahan
108,10355,sql,1996-11-15 00:00:00,19961115,1996-11-20,19961120.0,4,12,1,41.95,around the horn,michael suyama
109,10356,sql,1996-11-18 00:00:00,19961118,1996-11-27,19961127.0,46,12,1,36.71,die wandernde kuh,michael suyama
110,10357,sql,1996-11-19 00:00:00,19961119,1996-12-02,19961202.0,76,13,1,34.88,lila supermercado,nancy davolio
111,10358,sql,1996-11-20 00:00:00,19961120,1996-11-27,19961127.0,71,17,1,19.64,la maison d'asie,steven buchanan
112,10359,sql,1996-11-21 00:00:00,19961121,1996-11-26,19961126.0,102,17,1,288.43,seven seas imports,steven buchanan
113,10360,sql,1996-11-22 00:00:00,19961122,1996-12-02,19961202.0,8,9,1,131.7,blondesddsl pere et fils,margaret peacock
114,10361,sql,1996-11-22 00:00:00,19961122,1996-12-03,19961203.0,93,13,1,183.17,quick stop,nancy davolio
115,10362,sql,1996-11-25 00:00:00,19961125,1996-11-28,19961128.0,10,6,1,96.04,bon app',janet leverling
116,10363,sql,1996-11-26 00:00:00,19961126,1996-12-04,19961204.0,47,9,1,30.54,drachenblut delikatessen,margaret peacock
117,10364,sql,1996-11-26 00:00:00,19961126,1996-12-04,19961204.0,49,13,1,71.97,eastern connection,nancy davolio
118,10365,sql,1996-11-27 00:00:00,19961127,1996-12-02,19961202.0,3,6,1,22.0,antonio moreno taqueria,janet leverling
119,10366,sql,1996-11-28 00:00:00,19961128,1996-12-30,19961230.0,59,7,1,10.14,galeria del gastronomo,laura callahan
120,10367,sql,1996-11-28 00:00:00,19961128,1996-12-02,19961202.0,113,15,1,13.55,vaffeljernet,robert king
121,10368,sql,1996-11-29 00:00:00,19961129,1996-12-02,19961202.0,50,2,1,101.95,ernst handel,andrew fuller
122,10369,sql,1996-12-02 00:00:00,19961202,1996-12-09,19961209.0,105,7,1,195.68,split rail beer & ale,laura callahan
123,10370,sql,1996-12-03 00:00:00,19961203,1996-12-27,19961227.0,14,12,1,1.17,chop suey chinese,michael suyama
124,10371,sql,1996-12-03 00:00:00,19961203,1996-12-24,19961224.0,71,13,1,0.45,la maison d'asie,nancy davolio
125,10372,sql,1996-12-04 00:00:00,19961204,1996-12-09,19961209.0,92,17,1,890.78,queen cozinha,steven buchanan
126,10373,sql,1996-12-05 00:00:00,19961205,1996-12-11,19961211.0,67,9,1,124.12,hungry owl all night grocers,margaret peacock
127,10374,sql,1996-12-05 00:00:00,19961205,1996-12-09,19961209.0,120,13,1,3.94,wolski zajazd,nancy davolio
128,10375,sql,1996-12-06 00:00:00,19961206,1996-12-09,19961209.0,66,6,1,20.12,hungry coyote import store,janet leverling
129,10376,sql,1996-12-09 00:00:00,19961209,1996-12-13,19961213.0,81,13,1,20.39,mere paillarde,nancy davolio
130,10377,sql,1996-12-09 00:00:00,19961209,1996-12-13,19961213.0,102,13,1,22.21,seven seas imports,nancy davolio
131,10378,sql,1996-12-10 00:00:00,19961210,1996-12-19,19961219.0,54,17,1,5.44,folk och fa hb,steven buchanan
132,10379,sql,1996-12-11 00:00:00,19961211,1996-12-13,19961213.0,91,2,1,45.03,que delicia,andrew fuller
133,10380,sql,1996-12-12 00:00:00,19961212,1997-01-16,19970116.0,67,7,1,35.03,hungry owl all night grocers,laura callahan
134,10381,sql,1996-12-12 00:00:00,19961212,1996-12-13,19961213.0,76,6,1,7.99,lila supermercado,janet leverling
135,10382,sql,1996-12-13 00:00:00,19961213,1996-12-16,19961216.0,50,9,1,94.77,ernst handel,margaret peacock
136,10383,sql,1996-12-16 00:00:00,19961216,1996-12-18,19961218.0,4,7,1,34.24,around the horn,laura callahan
137,10384,sql,1996-12-16 00:00:00,19961216,1996-12-20,19961220.0,6,6,1,168.64,berglunds snabbkop,janet leverling
138,10385,sql,1996-12-17 00:00:00,19961217,1996-12-23,19961223.0,105,13,1,30.96,split rail beer & ale,nancy davolio
139,10386,sql,1996-12-18 00:00:00,19961218,1996-12-25,19961225.0,51,3,1,13.99,familia arquibaldo,anne dodsworth
140,10387,sql,1996-12-18 00:00:00,19961218,1996-12-20,19961220.0,100,13,1,93.63,sante gourmet,nancy davolio
141,10388,sql,1996-12-19 00:00:00,19961219,1996-12-20,19961220.0,102,2,1,34.86,seven seas imports,andrew fuller
142,10389,sql,1996-12-20 00:00:00,19961220,1996-12-24,19961224.0,11,9,1,47.42,bottom dollar markets,margaret peacock
143,10390,sql,1996-12-23 00:00:00,19961223,1996-12-26,19961226.0,50,12,1,126.38,ernst handel,michael suyama
144,10391,sql,1996-12-23 00:00:00,19961223,1996-12-31,19961231.0,47,6,1,5.45,drachenblut delikatessen,janet leverling
145,10392,sql,1996-12-24 00:00:00,19961224,1997-01-01,19970101.0,89,2,1,122.46,piccolo und mehr,andrew fuller
146,10393,sql,1996-12-25 00:00:00,19961225,1997-01-03,19970103.0,101,13,1,126.56,save a lot markets,nancy davolio
147,10394,sql,1996-12-25 00:00:00,19961225,1997-01-03,19970103.0,66,13,1,30.34,hungry coyote import store,nancy davolio
148,10395,sql,1996-12-26 00:00:00,19961226,1997-01-03,19970103.0,65,12,1,184.41,hilarion abastos,michael suyama
149,10396,sql,1996-12-27 00:00:00,19961227,1997-01-06,19970106.0,57,13,1,135.35,frankenversand,nancy davolio
150,10397,sql,1996-12-27 00:00:00,19961227,1997-01-02,19970102.0,90,17,1,60.26,princesa isabel vinhos,steven buchanan
151,10398,sql,1996-12-30 00:00:00,19961230,1997-01-09,19970109.0,101,2,1,89.16,save a lot markets,andrew fuller
152,10399,sql,1996-12-31 00:00:00,19961231,1997-01-08,19970108.0,113,7,1,27.36,vaffeljernet,laura callahan
153,10400,sql,1997-01-01 00:00:00,19970101,1997-01-16,19970116.0,49,13,1,83.93,eastern connection,nancy davolio
154,10401,sql,1997-01-01 00:00:00,19970101,1997-01-10,19970110.0,95,13,1,12.51,rattlesnake canyon grocery,nancy davolio
155,10402,sql,1997-01-02 00:00:00,19970102,1997-01-10,19970110.0,50,7,1,67.88,ernst handel,laura callahan
156,10403,sql,1997-01-03 00:00:00,19970103,1997-01-09,19970109.0,50,9,1,73.79,ernst handel,margaret peacock
157,10404,sql,1997-01-03 00:00:00,19970103,1997-01-08,19970108.0,79,2,1,155.97,magazzini alimentari riuniti,andrew fuller
158,10405,sql,1997-01-06 00:00:00,19970106,1997-01-22,19970122.0,77,13,1,34.82,lino delicateses,nancy davolio
159,10406,sql,1997-01-07 00:00:00,19970107,1997-01-13,19970113.0,92,15,1,108.04,queen cozinha,robert king
160,10407,sql,1997-01-07 00:00:00,19970107,1997-01-30,19970130.0,86,2,1,91.48,ottilies kaseladen,andrew fuller
161,10408,sql,1997-01-08 00:00:00,19970108,1997-01-14,19970114.0,53,7,1,11.26,folies gourmandes,laura callahan
162,10409,sql,1997-01-09 00:00:00,19970109,1997-01-14,19970114.0,84,6,1,29.83,oceano atlantico ltda.,janet leverling
163,10410,sql,1997-01-10 00:00:00,19970110,1997-01-15,19970115.0,11,6,1,2.4,bottom dollar markets,janet leverling
164,10411,sql,1997-01-10 00:00:00,19970110,1997-01-21,19970121.0,11,3,1,23.65,bottom dollar markets,anne dodsworth
165,10412,sql,1997-01-13 00:00:00,19970113,1997-01-15,19970115.0,116,7,1,3.77,wartian herkku,laura callahan
166,10413,sql,1997-01-14 00:00:00,19970114,1997-01-16,19970116.0,71,6,1,95.66,la maison d'asie,janet leverling
167,10414,sql,1997-01-14 00:00:00,19970114,1997-01-17,19970117.0,51,2,1,21.48,familia arquibaldo,andrew fuller
168,10415,sql,1997-01-15 00:00:00,19970115,1997-01-24,19970124.0,66,6,1,0.2,hungry coyote import store,janet leverling
169,10416,sql,1997-01-16 00:00:00,19970116,1997-01-27,19970127.0,116,7,1,22.72,wartian herkku,laura callahan
170,10417,sql,1997-01-16 00:00:00,19970116,1997-01-28,19970128.0,103,9,1,70.29,simons bistro,margaret peacock
171,10418,sql,1997-01-17 00:00:00,19970117,1997-01-24,19970124.0,93,9,1,17.55,quick stop,margaret peacock
172,10419,sql,1997-01-20 00:00:00,19970120,1997-01-30,19970130.0,98,9,1,137.35,richter supermarkt,margaret peacock
173,10420,sql,1997-01-21 00:00:00,19970121,1997-01-27,19970127.0,117,6,1,44.12,wellington importadora,janet leverling
174,10421,sql,1997-01-21 00:00:00,19970121,1997-01-27,19970127.0,91,7,1,99.23,que delicia,laura callahan
175,10422,sql,1997-01-22 00:00:00,19970122,1997-01-31,19970131.0,56,2,1,3.02,franchi s.p.a.,andrew fuller
176,10423,sql,1997-01-23 00:00:00,19970123,1997-02-24,19970224.0,61,12,1,24.5,gourmet lanchonetes,michael suyama
177,10424,sql,1997-01-23 00:00:00,19970123,1997-01-27,19970127.0,81,15,1,370.61,mere paillarde,robert king
178,10425,sql,1997-01-24 00:00:00,19970124,1997-02-14,19970214.0,71,12,1,7.93,la maison d'asie,michael suyama
179,10426,sql,1997-01-27 00:00:00,19970127,1997-02-06,19970206.0,59,9,1,18.69,galeria del gastronomo,margaret peacock
180,10427,sql,1997-01-27 00:00:00,19970127,1997-03-03,19970303.0,89,9,1,31.29,piccolo und mehr,margaret peacock
181,10428,sql,1997-01-28 00:00:00,19970128,1997-02-04,19970204.0,96,15,1,11.09,reggiani caseifici,robert king
182,10429,sql,1997-01-29 00:00:00,19970129,1997-02-07,19970207.0,67,6,1,56.63,hungry owl all night grocers,janet leverling
183,10430,sql,1997-01-30 00:00:00,19970130,1997-02-03,19970203.0,50,9,1,458.78,ernst handel,margaret peacock
184,10431,sql,1997-01-30 00:00:00,19970130,1997-02-07,19970207.0,11,9,1,44.17,bottom dollar markets,margaret peacock
185,10432,sql,1997-01-31 00:00:00,19970131,1997-02-07,19970207.0,105,6,1,4.34,split rail beer & ale,janet leverling
186,10433,sql,1997-02-03 00:00:00,19970203,1997-03-04,19970304.0,90,6,1,73.83,princesa isabel vinhos,janet leverling
187,10434,sql,1997-02-03 00:00:00,19970203,1997-02-13,19970213.0,54,6,1,17.92,folk och fa hb,janet leverling
188,10435,sql,1997-02-04 00:00:00,19970204,1997-02-07,19970207.0,45,7,1,9.21,consolidated holdings,laura callahan
189,10436,sql,1997-02-05 00:00:00,19970205,1997-02-11,19970211.0,8,6,1,156.66,blondesddsl pere et fils,janet leverling
190,10437,sql,1997-02-05 00:00:00,19970205,1997-02-12,19970212.0,116,7,1,19.97,wartian herkku,laura callahan
191,10438,sql,1997-02-06 00:00:00,19970206,1997-02-14,19970214.0,109,6,1,8.24,toms spezialitaten,janet leverling
192,10439,sql,1997-02-07 00:00:00,19970207,1997-02-10,19970210.0,81,12,1,4.07,mere paillarde,michael suyama
193,10440,sql,1997-02-10 00:00:00,19970210,1997-02-28,19970228.0,101,9,1,86.53,save a lot markets,margaret peacock
194,10441,sql,1997-02-10 00:00:00,19970210,1997-03-14,19970314.0,85,6,1,73.02,old world delicatessen,janet leverling
195,10442,sql,1997-02-11 00:00:00,19970211,1997-02-18,19970218.0,50,6,1,47.94,ernst handel,janet leverling
196,10443,sql,1997-02-12 00:00:00,19970212,1997-02-14,19970214.0,96,7,1,13.95,reggiani caseifici,laura callahan
197,10444,sql,1997-02-12 00:00:00,19970212,1997-02-21,19970221.0,6,6,1,3.5,berglunds snabbkop,janet leverling
198,10445,sql,1997-02-13 00:00:00,19970213,1997-02-20,19970220.0,6,6,1,9.3,berglunds snabbkop,janet leverling
199,10446,sql,1997-02-14 00:00:00,19970214,1997-02-19,19970219.0,109,12,1,14.68,toms spezialitaten,michael suyama
200,10447,sql,1997-02-14 00:00:00,19970214,1997-03-07,19970307.0,97,9,1,68.66,ricardo adocicados,margaret peacock
201,10448,sql,1997-02-17 00:00:00,19970217,1997-02-24,19970224.0,94,9,1,38.82,rancho grande,margaret peacock
202,10449,sql,1997-02-18 00:00:00,19970218,1997-02-27,19970227.0,8,6,1,53.3,blondesddsl pere et fils,janet leverling
203,10450,sql,1997-02-19 00:00:00,19970219,1997-03-11,19970311.0,114,7,1,7.23,victuailles en stock,laura callahan
204,10451,sql,1997-02-19 00:00:00,19970219,1997-03-12,19970312.0,93,9,1,189.09,quick stop,margaret peacock
205,10452,sql,1997-02-20 00:00:00,19970220,1997-02-26,19970226.0,101,7,1,140.26,save a lot markets,laura callahan
206,10453,sql,1997-02-21 00:00:00,19970221,1997-02-26,19970226.0,4,13,1,25.36,around the horn,nancy davolio
207,10454,sql,1997-02-21 00:00:00,19970221,1997-02-25,19970225.0,71,9,1,2.74,la maison d'asie,margaret peacock
208,10455,sql,1997-02-24 00:00:00,19970224,1997-03-03,19970303.0,116,7,1,180.45,wartian herkku,laura callahan
209,10456,sql,1997-02-25 00:00:00,19970225,1997-02-28,19970228.0,69,7,1,8.12,koniglich essen,laura callahan
210,10457,sql,1997-02-25 00:00:00,19970225,1997-03-03,19970303.0,69,2,1,11.57,koniglich essen,andrew fuller
211,10458,sql,1997-02-26 00:00:00,19970226,1997-03-04,19970304.0,106,15,1,147.06,supremes delices,robert king
212,10459,sql,1997-02-27 00:00:00,19970227,1997-02-28,19970228.0,114,9,1,25.09,victuailles en stock,margaret peacock
213,10460,sql,1997-02-28 00:00:00,19970228,1997-03-03,19970303.0,54,7,1,16.27,folk och fa hb,laura callahan
214,10461,sql,1997-02-28 00:00:00,19970228,1997-03-05,19970305.0,76,13,1,148.61,lila supermercado,nancy davolio
215,10462,sql,1997-03-03 00:00:00,19970303,1997-03-18,19970318.0,45,2,1,6.17,consolidated holdings,andrew fuller
216,10463,sql,1997-03-04 00:00:00,19970304,1997-03-06,19970306.0,106,17,1,14.78,supremes delices,steven buchanan
217,10464,sql,1997-03-04 00:00:00,19970304,1997-03-14,19970314.0,58,9,1,89.0,furia bacalhau e frutos do mar,margaret peacock
218,10465,sql,1997-03-05 00:00:00,19970305,1997-03-14,19970314.0,113,13,1,145.04,vaffeljernet,nancy davolio
219,10466,sql,1997-03-06 00:00:00,19970306,1997-03-13,19970313.0,15,9,1,11.93,comercio mineiro,margaret peacock
220,10467,sql,1997-03-06 00:00:00,19970306,1997-03-11,19970311.0,79,7,1,4.93,magazzini alimentari riuniti,laura callahan
221,10468,sql,1997-03-07 00:00:00,19970307,1997-03-12,19970312.0,69,6,1,44.12,koniglich essen,janet leverling
222,10469,sql,1997-03-10 00:00:00,19970310,1997-03-14,19970314.0,118,13,1,60.18,white clover markets,nancy davolio
223,10470,sql,1997-03-11 00:00:00,19970311,1997-03-14,19970314.0,10,9,1,64.56,bon app',margaret peacock
224,10471,sql,1997-03-11 00:00:00,19970311,1997-03-18,19970318.0,5,2,1,45.59,b's beverages,andrew fuller
225,10472,sql,1997-03-12 00:00:00,19970312,1997-03-19,19970319.0,102,7,1,4.2,seven seas imports,laura callahan
226,10473,sql,1997-03-13 00:00:00,19970313,1997-03-21,19970321.0,68,13,1,16.37,island trading,nancy davolio
227,10474,sql,1997-03-13 00:00:00,19970313,1997-03-21,19970321.0,88,17,1,83.49,pericles comidas clasicas,steven buchanan
228,10475,sql,1997-03-14 00:00:00,19970314,1997-04-04,19970404.0,106,3,1,68.52,supremes delices,anne dodsworth
229,10476,sql,1997-03-17 00:00:00,19970317,1997-03-24,19970324.0,65,7,1,4.41,hilarion abastos,laura callahan
230,10477,sql,1997-03-17 00:00:00,19970317,1997-03-25,19970325.0,90,17,1,13.02,princesa isabel vinhos,steven buchanan
231,10478,sql,1997-03-18 00:00:00,19970318,1997-03-26,19970326.0,114,2,1,4.81,victuailles en stock,andrew fuller
232,10479,sql,1997-03-19 00:00:00,19970319,1997-03-21,19970321.0,95,6,1,708.95,rattlesnake canyon grocery,janet leverling
233,10480,sql,1997-03-20 00:00:00,19970320,1997-03-24,19970324.0,53,12,1,1.35,folies gourmandes,michael suyama
234,10481,sql,1997-03-20 00:00:00,19970320,1997-03-25,19970325.0,97,7,1,64.33,ricardo adocicados,laura callahan
235,10482,sql,1997-03-21 00:00:00,19970321,1997-04-10,19970410.0,73,13,1,7.48,lazy k kountry store,nancy davolio
236,10483,sql,1997-03-24 00:00:00,19970324,1997-04-25,19970425.0,118,15,1,15.28,white clover markets,robert king
237,10484,sql,1997-03-24 00:00:00,19970324,1997-04-01,19970401.0,5,6,1,6.88,b's beverages,janet leverling
238,10485,sql,1997-03-25 00:00:00,19970325,1997-03-31,19970331.0,77,9,1,64.45,lino delicateses,margaret peacock
239,10486,sql,1997-03-26 00:00:00,19970326,1997-04-02,19970402.0,65,13,1,30.53,hilarion abastos,nancy davolio
240,10487,sql,1997-03-26 00:00:00,19970326,1997-03-28,19970328.0,92,2,1,71.07,queen cozinha,andrew fuller
241,10488,sql,1997-03-27 00:00:00,19970327,1997-04-02,19970402.0,57,7,1,4.93,frankenversand,laura callahan
242,10489,sql,1997-03-28 00:00:00,19970328,1997-04-09,19970409.0,89,12,1,5.29,piccolo und mehr,michael suyama
243,10490,sql,1997-03-31 00:00:00,19970331,1997-04-03,19970403.0,65,15,1,210.19,hilarion abastos,robert king
244,10491,sql,1997-03-31 00:00:00,19970331,1997-04-08,19970408.0,58,7,1,16.96,furia bacalhau e frutos do mar,laura callahan
245,10492,sql,1997-04-01 00:00:00,19970401,1997-04-11,19970411.0,11,6,1,62.89,bottom dollar markets,janet leverling
246,10493,sql,1997-04-02 00:00:00,19970402,1997-04-10,19970410.0,71,9,1,10.64,la maison d'asie,margaret peacock
247,10494,sql,1997-04-02 00:00:00,19970402,1997-04-09,19970409.0,15,9,1,65.99,comercio mineiro,margaret peacock
248,10495,sql,1997-04-03 00:00:00,19970403,1997-04-11,19970411.0,72,6,1,4.65,laughing bacchus wine cellars,janet leverling
249,10496,sql,1997-04-04 00:00:00,19970404,1997-04-07,19970407.0,111,15,1,46.77,tradicao hipermercados,robert king
250,10497,sql,1997-04-04 00:00:00,19970404,1997-04-07,19970407.0,74,15,1,36.21,lehmanns marktstand,robert king
251,10498,sql,1997-04-07 00:00:00,19970407,1997-04-11,19970411.0,65,7,1,29.75,hilarion abastos,laura callahan
252,10499,sql,1997-04-08 00:00:00,19970408,1997-04-16,19970416.0,76,9,1,102.02,lila supermercado,margaret peacock
253,10500,sql,1997-04-09 00:00:00,19970409,1997-04-17,19970417.0,71,12,1,42.68,la maison d'asie,michael suyama
254,10501,sql,1997-04-09 00:00:00,19970409,1997-04-16,19970416.0,7,3,1,8.85,blauer see delikatessen,anne dodsworth
255,10502,sql,1997-04-10 00:00:00,19970410,1997-04-29,19970429.0,88,2,1,69.32,pericles comidas clasicas,andrew fuller
256,10503,sql,1997-04-11 00:00:00,19970411,1997-04-16,19970416.0,67,12,1,16.74,hungry owl all night grocers,michael suyama
257,10504,sql,1997-04-11 00:00:00,19970411,1997-04-18,19970418.0,118,9,1,59.13,white clover markets,margaret peacock
258,10505,sql,1997-04-14 00:00:00,19970414,1997-04-21,19970421.0,81,6,1,7.13,mere paillarde,janet leverling
259,10506,sql,1997-04-15 00:00:00,19970415,1997-05-02,19970502.0,69,3,1,21.19,koniglich essen,anne dodsworth
260,10507,sql,1997-04-15 00:00:00,19970415,1997-04-22,19970422.0,3,15,1,47.45,antonio moreno taqueria,robert king
261,10508,sql,1997-04-16 00:00:00,19970416,1997-05-13,19970513.0,86,13,1,4.99,ottilies kaseladen,nancy davolio
262,10509,sql,1997-04-17 00:00:00,19970417,1997-04-29,19970429.0,7,9,1,0.15,blauer see delikatessen,margaret peacock
263,10510,sql,1997-04-18 00:00:00,19970418,1997-04-28,19970428.0,101,12,1,367.63,save a lot markets,michael suyama
264,10511,sql,1997-04-18 00:00:00,19970418,1997-04-21,19970421.0,10,9,1,350.64,bon app',margaret peacock
265,10512,sql,1997-04-21 00:00:00,19970421,1997-04-24,19970424.0,51,15,1,3.53,familia arquibaldo,robert king
266,10513,sql,1997-04-22 00:00:00,19970422,1997-04-28,19970428.0,46,15,1,105.65,die wandernde kuh,robert king
267,10514,sql,1997-04-22 00:00:00,19970422,1997-05-16,19970516.0,50,6,1,789.95,ernst handel,janet leverling
268,10515,sql,1997-04-23 00:00:00,19970423,1997-05-23,19970523.0,93,2,1,204.47,quick stop,andrew fuller
269,10516,sql,1997-04-24 00:00:00,19970424,1997-05-01,19970501.0,67,2,1,62.78,hungry owl all night grocers,andrew fuller
270,10517,sql,1997-04-24 00:00:00,19970424,1997-04-29,19970429.0,83,6,1,32.07,north/south,janet leverling
271,10518,sql,1997-04-25 00:00:00,19970425,1997-05-05,19970505.0,110,9,1,218.15,tortuga restaurante,margaret peacock
272,10519,sql,1997-04-28 00:00:00,19970428,1997-05-01,19970501.0,14,12,1,91.76,chop suey chinese,michael suyama
273,10520,sql,1997-04-29 00:00:00,19970429,1997-05-01,19970501.0,100,15,1,13.37,sante gourmet,robert king
274,10521,sql,1997-04-29 00:00:00,19970429,1997-05-02,19970502.0,12,7,1,17.22,cactus comidas para llevar,laura callahan
275,10522,sql,1997-04-30 00:00:00,19970430,1997-05-06,19970506.0,74,9,1,45.33,lehmanns marktstand,margaret peacock
276,10523,sql,1997-05-01 00:00:00,19970501,1997-05-30,19970530.0,102,15,1,77.63,seven seas imports,robert king
277,10524,sql,1997-05-01 00:00:00,19970501,1997-05-07,19970507.0,6,13,1,244.79,berglunds snabbkop,nancy davolio
278,10525,sql,1997-05-02 00:00:00,19970502,1997-05-23,19970523.0,10,13,1,11.06,bon app',nancy davolio
279,10526,sql,1997-05-05 00:00:00,19970505,1997-05-15,19970515.0,116,9,1,58.59,wartian herkku,margaret peacock
280,10527,sql,1997-05-05 00:00:00,19970505,1997-05-07,19970507.0,93,15,1,41.9,quick stop,robert king
281,10528,sql,1997-05-06 00:00:00,19970506,1997-05-09,19970509.0,62,12,1,3.35,great lakes food market,michael suyama
282,10529,sql,1997-05-07 00:00:00,19970507,1997-05-09,19970509.0,80,17,1,66.69,maison dewey,steven buchanan
283,10530,sql,1997-05-08 00:00:00,19970508,1997-05-12,19970512.0,89,6,1,339.22,piccolo und mehr,janet leverling
284,10531,sql,1997-05-08 00:00:00,19970508,1997-05-19,19970519.0,84,15,1,8.12,oceano atlantico ltda.,robert king
285,10532,sql,1997-05-09 00:00:00,19970509,1997-05-12,19970512.0,49,15,1,74.46,eastern connection,robert king
286,10533,sql,1997-05-12 00:00:00,19970512,1997-05-22,19970522.0,54,7,1,188.04,folk och fa hb,laura callahan
287,10534,sql,1997-05-12 00:00:00,19970512,1997-05-14,19970514.0,74,7,1,27.94,lehmanns marktstand,laura callahan
288,10535,sql,1997-05-13 00:00:00,19970513,1997-05-21,19970521.0,3,9,1,15.64,antonio moreno taqueria,margaret peacock
289,10536,sql,1997-05-14 00:00:00,19970514,1997-06-06,19970606.0,74,6,1,58.88,lehmanns marktstand,janet leverling
290,10537,sql,1997-05-14 00:00:00,19970514,1997-05-19,19970519.0,98,13,1,78.85,richter supermarkt,nancy davolio
291,10538,sql,1997-05-15 00:00:00,19970515,1997-05-16,19970516.0,5,3,1,4.87,b's beverages,anne dodsworth
292,10539,sql,1997-05-16 00:00:00,19970516,1997-05-23,19970523.0,5,12,1,12.36,b's beverages,michael suyama
293,10540,sql,1997-05-19 00:00:00,19970519,1997-06-13,19970613.0,93,6,1,1007.64,quick stop,janet leverling
294,10541,sql,1997-05-19 00:00:00,19970519,1997-05-29,19970529.0,64,2,1,68.65,hanari carnes,andrew fuller
295,10542,sql,1997-05-20 00:00:00,19970520,1997-05-26,19970526.0,69,13,1,10.95,koniglich essen,nancy davolio
296,10543,sql,1997-05-21 00:00:00,19970521,1997-05-23,19970523.0,76,7,1,48.17,lila supermercado,laura callahan
297,10544,sql,1997-05-21 00:00:00,19970521,1997-05-30,19970530.0,78,9,1,24.91,lonesome pine restaurant,margaret peacock
298,10545,sql,1997-05-22 00:00:00,19970522,1997-06-26,19970626.0,73,7,1,11.92,lazy k kountry store,laura callahan
299,10546,sql,1997-05-23 00:00:00,19970523,1997-05-27,19970527.0,114,13,1,194.72,victuailles en stock,nancy davolio
300,10547,sql,1997-05-23 00:00:00,19970523,1997-06-02,19970602.0,102,6,1,178.43,seven seas imports,janet leverling
301,10548,sql,1997-05-26 00:00:00,19970526,1997-06-02,19970602.0,109,6,1,1.43,toms spezialitaten,janet leverling
302,10549,sql,1997-05-27 00:00:00,19970527,1997-05-30,19970530.0,93,17,1,171.24,quick stop,steven buchanan
303,10550,sql,1997-05-28 00:00:00,19970528,1997-06-06,19970606.0,60,15,1,4.32,godos cocina tipica,robert king
304,10551,sql,1997-05-28 00:00:00,19970528,1997-06-06,19970606.0,58,9,1,72.95,furia bacalhau e frutos do mar,margaret peacock
305,10552,sql,1997-05-29 00:00:00,19970529,1997-06-05,19970605.0,65,2,1,83.22,hilarion abastos,andrew fuller
306,10553,sql,1997-05-30 00:00:00,19970530,1997-06-03,19970603.0,116,2,1,149.49,wartian herkku,andrew fuller
307,10554,sql,1997-05-30 00:00:00,19970530,1997-06-05,19970605.0,86,9,1,120.97,ottilies kaseladen,margaret peacock
308,10555,sql,1997-06-02 00:00:00,19970602,1997-06-04,19970604.0,101,12,1,252.49,save a lot markets,michael suyama
309,10556,sql,1997-06-03 00:00:00,19970603,1997-06-13,19970613.0,103,2,1,9.8,simons bistro,andrew fuller
310,10557,sql,1997-06-03 00:00:00,19970603,1997-06-06,19970606.0,74,3,1,96.72,lehmanns marktstand,anne dodsworth
311,10558,sql,1997-06-04 00:00:00,19970604,1997-06-10,19970610.0,4,13,1,72.97,around the horn,nancy davolio
312,10559,sql,1997-06-05 00:00:00,19970605,1997-06-13,19970613.0,8,12,1,8.05,blondesddsl pere et fils,michael suyama
313,10560,sql,1997-06-06 00:00:00,19970606,1997-06-09,19970609.0,57,7,1,36.65,frankenversand,laura callahan
314,10561,sql,1997-06-06 00:00:00,19970606,1997-06-09,19970609.0,54,2,1,242.21,folk och fa hb,andrew fuller
315,10562,sql,1997-06-09 00:00:00,19970609,1997-06-12,19970612.0,96,13,1,22.95,reggiani caseifici,nancy davolio
316,10563,sql,1997-06-10 00:00:00,19970610,1997-06-24,19970624.0,97,2,1,60.43,ricardo adocicados,andrew fuller
317,10564,sql,1997-06-10 00:00:00,19970610,1997-06-16,19970616.0,95,9,1,13.75,rattlesnake canyon grocery,margaret peacock
318,10565,sql,1997-06-11 00:00:00,19970611,1997-06-18,19970618.0,81,7,1,7.15,mere paillarde,laura callahan
319,10566,sql,1997-06-12 00:00:00,19970612,1997-06-18,19970618.0,8,3,1,88.4,blondesddsl pere et fils,anne dodsworth
320,10567,sql,1997-06-12 00:00:00,19970612,1997-06-17,19970617.0,67,13,1,33.97,hungry owl all night grocers,nancy davolio
321,10568,sql,1997-06-13 00:00:00,19970613,1997-07-09,19970709.0,59,6,1,6.54,galeria del gastronomo,janet leverling
322,10569,sql,1997-06-16 00:00:00,19970616,1997-07-11,19970711.0,95,17,1,58.98,rattlesnake canyon grocery,steven buchanan
323,10570,sql,1997-06-17 00:00:00,19970617,1997-06-19,19970619.0,81,6,1,188.99,mere paillarde,janet leverling
324,10571,sql,1997-06-17 00:00:00,19970617,1997-07-04,19970704.0,50,7,1,26.06,ernst handel,laura callahan
325,10572,sql,1997-06-18 00:00:00,19970618,1997-06-25,19970625.0,6,6,1,116.43,berglunds snabbkop,janet leverling
326,10573,sql,1997-06-19 00:00:00,19970619,1997-06-20,19970620.0,3,15,1,84.84,antonio moreno taqueria,robert king
327,10574,sql,1997-06-19 00:00:00,19970619,1997-06-30,19970630.0,112,9,1,37.6,trail's head gourmet provisioners,margaret peacock
328,10575,sql,1997-06-20 00:00:00,19970620,1997-06-30,19970630.0,82,17,1,127.34,morgenstern gesundkost,steven buchanan
329,10576,sql,1997-06-23 00:00:00,19970623,1997-06-30,19970630.0,110,6,1,18.56,tortuga restaurante,janet leverling
330,10577,sql,1997-06-23 00:00:00,19970623,1997-06-30,19970630.0,112,3,1,25.41,trail's head gourmet provisioners,anne dodsworth
331,10578,sql,1997-06-24 00:00:00,19970624,1997-07-25,19970725.0,5,9,1,29.6,b's beverages,margaret peacock
332,10579,sql,1997-06-25 00:00:00,19970625,1997-07-04,19970704.0,75,13,1,13.73,let's stop n shop,nancy davolio
333,10580,sql,1997-06-26 00:00:00,19970626,1997-07-01,19970701.0,86,9,1,75.89,ottilies kaseladen,margaret peacock
334,10581,sql,1997-06-26 00:00:00,19970626,1997-07-02,19970702.0,51,6,1,3.01,familia arquibaldo,janet leverling
335,10582,sql,1997-06-27 00:00:00,19970627,1997-07-14,19970714.0,7,6,1,27.71,blauer see delikatessen,janet leverling
336,10583,sql,1997-06-30 00:00:00,19970630,1997-07-04,19970704.0,116,2,1,7.28,wartian herkku,andrew fuller
337,10584,sql,1997-06-30 00:00:00,19970630,1997-07-04,19970704.0,8,9,1,59.14,blondesddsl pere et fils,margaret peacock
338,10585,sql,1997-07-01 00:00:00,19970701,1997-07-10,19970710.0,117,15,1,13.41,wellington importadora,robert king
339,10586,sql,1997-07-02 00:00:00,19970702,1997-07-09,19970709.0,96,3,1,0.48,reggiani caseifici,anne dodsworth
340,10587,sql,1997-07-02 00:00:00,19970702,1997-07-09,19970709.0,91,13,1,62.52,que delicia,nancy davolio
341,10588,sql,1997-07-03 00:00:00,19970703,1997-07-10,19970710.0,93,2,1,194.67,quick stop,andrew fuller
342,10589,sql,1997-07-04 00:00:00,19970704,1997-07-14,19970714.0,62,7,1,4.42,great lakes food market,laura callahan
343,10590,sql,1997-07-07 00:00:00,19970707,1997-07-14,19970714.0,81,9,1,44.77,mere paillarde,margaret peacock
344,10591,sql,1997-07-07 00:00:00,19970707,1997-07-16,19970716.0,113,13,1,55.92,vaffeljernet,nancy davolio
345,10592,sql,1997-07-08 00:00:00,19970708,1997-07-16,19970716.0,74,6,1,32.1,lehmanns marktstand,janet leverling
346,10593,sql,1997-07-09 00:00:00,19970709,1997-08-13,19970813.0,74,15,1,174.2,lehmanns marktstand,robert king
347,10594,sql,1997-07-09 00:00:00,19970709,1997-07-16,19970716.0,85,6,1,5.24,old world delicatessen,janet leverling
348,10595,sql,1997-07-10 00:00:00,19970710,1997-07-14,19970714.0,50,2,1,96.78,ernst handel,andrew fuller
349,10596,sql,1997-07-11 00:00:00,19970711,1997-08-12,19970812.0,118,7,1,16.34,white clover markets,laura callahan
350,10597,sql,1997-07-11 00:00:00,19970711,1997-07-18,19970718.0,89,15,1,35.12,piccolo und mehr,robert king
351,10598,sql,1997-07-14 00:00:00,19970714,1997-07-18,19970718.0,95,13,1,44.42,rattlesnake canyon grocery,nancy davolio
352,10599,sql,1997-07-15 00:00:00,19970715,1997-07-21,19970721.0,5,12,1,29.98,b's beverages,michael suyama
353,10600,sql,1997-07-16 00:00:00,19970716,1997-07-21,19970721.0,66,9,1,45.13,hungry coyote import store,margaret peacock
354,10601,sql,1997-07-16 00:00:00,19970716,1997-07-22,19970722.0,65,15,1,58.3,hilarion abastos,robert king
355,10602,sql,1997-07-17 00:00:00,19970717,1997-07-22,19970722.0,113,7,1,2.92,vaffeljernet,laura callahan
356,10603,sql,1997-07-18 00:00:00,19970718,1997-08-08,19970808.0,101,7,1,48.77,save a lot markets,laura callahan
357,10604,sql,1997-07-18 00:00:00,19970718,1997-07-29,19970729.0,58,13,1,7.46,furia bacalhau e frutos do mar,nancy davolio
358,10605,sql,1997-07-21 00:00:00,19970721,1997-07-29,19970729.0,81,13,1,379.13,mere paillarde,nancy davolio
359,10606,sql,1997-07-22 00:00:00,19970722,1997-07-31,19970731.0,111,9,1,79.4,tradicao hipermercados,margaret peacock
360,10607,sql,1997-07-22 00:00:00,19970722,1997-07-25,19970725.0,101,17,1,200.24,save a lot markets,steven buchanan
361,10608,sql,1997-07-23 00:00:00,19970723,1997-08-01,19970801.0,109,9,1,27.79,toms spezialitaten,margaret peacock
362,10609,sql,1997-07-24 00:00:00,19970724,1997-07-30,19970730.0,48,15,1,1.85,du monde entier,robert king
363,10610,sql,1997-07-25 00:00:00,19970725,1997-08-06,19970806.0,71,7,1,26.78,la maison d'asie,laura callahan
364,10611,sql,1997-07-25 00:00:00,19970725,1997-08-01,19970801.0,120,12,1,80.65,wolski zajazd,michael suyama
365,10612,sql,1997-07-28 00:00:00,19970728,1997-08-01,19970801.0,101,13,1,544.08,save a lot markets,nancy davolio
366,10613,sql,1997-07-29 00:00:00,19970729,1997-08-01,19970801.0,65,9,1,8.11,hilarion abastos,margaret peacock
367,10614,sql,1997-07-29 00:00:00,19970729,1997-08-01,19970801.0,7,7,1,1.93,blauer see delikatessen,laura callahan
368,10615,sql,1997-07-30 00:00:00,19970730,1997-08-06,19970806.0,119,2,1,0.75,wilman kala,andrew fuller
369,10616,sql,1997-07-31 00:00:00,19970731,1997-08-05,19970805.0,62,13,1,116.53,great lakes food market,nancy davolio
370,10617,sql,1997-07-31 00:00:00,19970731,1997-08-04,19970804.0,62,9,1,18.53,great lakes food market,margaret peacock
371,10618,sql,1997-08-01 00:00:00,19970801,1997-08-08,19970808.0,81,13,1,154.68,mere paillarde,nancy davolio
372,10619,sql,1997-08-04 00:00:00,19970804,1997-08-07,19970807.0,81,6,1,91.05,mere paillarde,janet leverling
373,10620,sql,1997-08-05 00:00:00,19970805,1997-08-14,19970814.0,72,2,1,0.94,laughing bacchus wine cellars,andrew fuller
374,10621,sql,1997-08-05 00:00:00,19970805,1997-08-11,19970811.0,68,9,1,23.73,island trading,margaret peacock
375,10622,sql,1997-08-06 00:00:00,19970806,1997-08-11,19970811.0,97,9,1,50.97,ricardo adocicados,margaret peacock
376,10623,sql,1997-08-07 00:00:00,19970807,1997-08-12,19970812.0,57,7,1,97.18,frankenversand,laura callahan
377,10624,sql,1997-08-07 00:00:00,19970807,1997-08-19,19970819.0,108,9,1,94.8,the cracker box,margaret peacock
378,10625,sql,1997-08-08 00:00:00,19970808,1997-08-14,19970814.0,2,6,1,43.9,ana trujillo emparedados y helados,janet leverling
379,10626,sql,1997-08-11 00:00:00,19970811,1997-08-20,19970820.0,6,13,1,138.69,berglunds snabbkop,nancy davolio
380,10627,sql,1997-08-11 00:00:00,19970811,1997-08-21,19970821.0,101,7,1,107.46,save a lot markets,laura callahan
381,10628,sql,1997-08-12 00:00:00,19970812,1997-08-20,19970820.0,8,9,1,30.36,blondesddsl pere et fils,margaret peacock
382,10629,sql,1997-08-12 00:00:00,19970812,1997-08-20,19970820.0,60,9,1,85.46,godos cocina tipica,margaret peacock
383,10630,sql,1997-08-13 00:00:00,19970813,1997-08-19,19970819.0,69,13,1,32.35,koniglich essen,nancy davolio
384,10631,sql,1997-08-14 00:00:00,19970814,1997-08-15,19970815.0,71,7,1,0.87,la maison d'asie,laura callahan
385,10632,sql,1997-08-14 00:00:00,19970814,1997-08-19,19970819.0,46,7,1,41.38,die wandernde kuh,laura callahan
386,10633,sql,1997-08-15 00:00:00,19970815,1997-08-18,19970818.0,50,15,1,477.9,ernst handel,robert king
387,10634,sql,1997-08-15 00:00:00,19970815,1997-08-21,19970821.0,53,9,1,487.38,folies gourmandes,margaret peacock
388,10635,sql,1997-08-18 00:00:00,19970818,1997-08-21,19970821.0,79,7,1,47.46,magazzini alimentari riuniti,laura callahan
389,10636,sql,1997-08-19 00:00:00,19970819,1997-08-26,19970826.0,116,9,1,1.15,wartian herkku,margaret peacock
390,10637,sql,1997-08-19 00:00:00,19970819,1997-08-26,19970826.0,92,12,1,201.29,queen cozinha,michael suyama
391,10638,sql,1997-08-20 00:00:00,19970820,1997-09-01,19970901.0,77,6,1,158.44,lino delicateses,janet leverling
392,10639,sql,1997-08-20 00:00:00,19970820,1997-08-27,19970827.0,100,15,1,38.64,sante gourmet,robert king
393,10640,sql,1997-08-21 00:00:00,19970821,1997-08-28,19970828.0,46,9,1,23.55,die wandernde kuh,margaret peacock
394,10641,sql,1997-08-22 00:00:00,19970822,1997-08-26,19970826.0,65,9,1,179.61,hilarion abastos,margaret peacock
395,10642,sql,1997-08-22 00:00:00,19970822,1997-09-05,19970905.0,103,15,1,41.89,simons bistro,robert king
396,10643,sql,1997-08-25 00:00:00,19970825,1997-09-02,19970902.0,1,12,1,29.46,alfreds futterkiste,michael suyama
397,10644,sql,1997-08-25 00:00:00,19970825,1997-09-01,19970901.0,117,6,1,0.14,wellington importadora,janet leverling
398,10645,sql,1997-08-26 00:00:00,19970826,1997-09-02,19970902.0,64,9,1,12.41,hanari carnes,margaret peacock
399,10646,sql,1997-08-27 00:00:00,19970827,1997-09-03,19970903.0,67,3,1,142.33,hungry owl all night grocers,anne dodsworth
400,10647,sql,1997-08-27 00:00:00,19970827,1997-09-03,19970903.0,91,9,1,45.54,que delicia,margaret peacock
401,10648,sql,1997-08-28 00:00:00,19970828,1997-09-09,19970909.0,97,17,1,14.25,ricardo adocicados,steven buchanan
402,10649,sql,1997-08-28 00:00:00,19970828,1997-08-29,19970829.0,80,17,1,6.2,maison dewey,steven buchanan
403,10650,sql,1997-08-29 00:00:00,19970829,1997-09-03,19970903.0,51,17,1,176.81,familia arquibaldo,steven buchanan
404,10651,sql,1997-09-01 00:00:00,19970901,1997-09-11,19970911.0,46,7,1,20.6,die wandernde kuh,laura callahan
405,10652,sql,1997-09-01 00:00:00,19970901,1997-09-08,19970908.0,61,9,1,7.14,gourmet lanchonetes,margaret peacock
406,10653,sql,1997-09-02 00:00:00,19970902,1997-09-19,19970919.0,57,13,1,93.25,frankenversand,nancy davolio
407,10654,sql,1997-09-02 00:00:00,19970902,1997-09-11,19970911.0,6,17,1,55.26,berglunds snabbkop,steven buchanan
408,10655,sql,1997-09-03 00:00:00,19970903,1997-09-11,19970911.0,96,13,1,4.41,reggiani caseifici,nancy davolio
409,10656,sql,1997-09-04 00:00:00,19970904,1997-09-10,19970910.0,62,12,1,57.15,great lakes food market,michael suyama
410,10657,sql,1997-09-04 00:00:00,19970904,1997-09-15,19970915.0,101,2,1,352.69,save a lot markets,andrew fuller
411,10658,sql,1997-09-05 00:00:00,19970905,1997-09-08,19970908.0,93,9,1,364.15,quick stop,margaret peacock
412,10659,sql,1997-09-05 00:00:00,19970905,1997-09-10,19970910.0,92,15,1,105.81,queen cozinha,robert king
413,10660,sql,1997-09-08 00:00:00,19970908,1997-10-15,19971015.0,66,7,1,111.29,hungry coyote import store,laura callahan
414,10661,sql,1997-09-09 00:00:00,19970909,1997-09-15,19970915.0,67,15,1,17.55,hungry owl all night grocers,robert king
415,10662,sql,1997-09-09 00:00:00,19970909,1997-09-18,19970918.0,78,6,1,1.28,lonesome pine restaurant,janet leverling
416,10663,sql,1997-09-10 00:00:00,19970910,1997-10-03,19971003.0,10,2,1,113.15,bon app',andrew fuller
417,10664,sql,1997-09-10 00:00:00,19970910,1997-09-19,19970919.0,58,13,1,1.27,furia bacalhau e frutos do mar,nancy davolio
418,10665,sql,1997-09-11 00:00:00,19970911,1997-09-17,19970917.0,78,13,1,26.31,lonesome pine restaurant,nancy davolio
419,10666,sql,1997-09-12 00:00:00,19970912,1997-09-22,19970922.0,98,15,1,232.42,richter supermarkt,robert king
420,10667,sql,1997-09-12 00:00:00,19970912,1997-09-19,19970919.0,50,15,1,78.09,ernst handel,robert king
421,10668,sql,1997-09-15 00:00:00,19970915,1997-09-23,19970923.0,46,13,1,47.22,die wandernde kuh,nancy davolio
422,10669,sql,1997-09-15 00:00:00,19970915,1997-09-22,19970922.0,103,2,1,24.39,simons bistro,andrew fuller
423,10670,sql,1997-09-16 00:00:00,19970916,1997-09-18,19970918.0,57,9,1,203.48,frankenversand,margaret peacock
424,10671,sql,1997-09-17 00:00:00,19970917,1997-09-24,19970924.0,55,13,1,30.34,france restauration,nancy davolio
425,10672,sql,1997-09-17 00:00:00,19970917,1997-09-26,19970926.0,6,3,1,95.75,berglunds snabbkop,anne dodsworth
426,10673,sql,1997-09-18 00:00:00,19970918,1997-09-19,19970919.0,119,2,1,22.76,wilman kala,andrew fuller
427,10674,sql,1997-09-18 00:00:00,19970918,1997-09-30,19970930.0,68,9,1,0.9,island trading,margaret peacock
428,10675,sql,1997-09-19 00:00:00,19970919,1997-09-23,19970923.0,57,17,1,31.85,frankenversand,steven buchanan
429,10676,sql,1997-09-22 00:00:00,19970922,1997-09-29,19970929.0,110,2,1,2.01,tortuga restaurante,andrew fuller
430,10677,sql,1997-09-22 00:00:00,19970922,1997-09-26,19970926.0,3,13,1,4.03,antonio moreno taqueria,nancy davolio
431,10678,sql,1997-09-23 00:00:00,19970923,1997-10-16,19971016.0,101,15,1,388.98,save a lot markets,robert king
432,10679,sql,1997-09-23 00:00:00,19970923,1997-09-30,19970930.0,8,7,1,27.94,blondesddsl pere et fils,laura callahan
433,10680,sql,1997-09-24 00:00:00,19970924,1997-09-26,19970926.0,85,13,1,26.61,old world delicatessen,nancy davolio
434,10681,sql,1997-09-25 00:00:00,19970925,1997-09-30,19970930.0,62,6,1,76.13,great lakes food market,janet leverling
435,10682,sql,1997-09-25 00:00:00,19970925,1997-10-01,19971001.0,3,6,1,36.13,antonio moreno taqueria,janet leverling
436,10683,sql,1997-09-26 00:00:00,19970926,1997-10-01,19971001.0,48,2,1,4.4,du monde entier,andrew fuller
437,10684,sql,1997-09-26 00:00:00,19970926,1997-09-30,19970930.0,86,6,1,145.63,ottilies kaseladen,janet leverling
438,10685,sql,1997-09-29 00:00:00,19970929,1997-10-03,19971003.0,61,9,1,33.75,gourmet lanchonetes,margaret peacock
439,10686,sql,1997-09-30 00:00:00,19970930,1997-10-08,19971008.0,89,2,1,96.5,piccolo und mehr,andrew fuller
440,10687,sql,1997-09-30 00:00:00,19970930,1997-10-30,19971030.0,67,3,1,296.43,hungry owl all night grocers,anne dodsworth
441,10688,sql,1997-10-01 00:00:00,19971001,1997-10-07,19971007.0,113,9,1,299.09,vaffeljernet,margaret peacock
442,10689,sql,1997-10-01 00:00:00,19971001,1997-10-07,19971007.0,6,13,1,13.42,berglunds snabbkop,nancy davolio
443,10690,sql,1997-10-02 00:00:00,19971002,1997-10-03,19971003.0,64,13,1,15.8,hanari carnes,nancy davolio
444,10691,sql,1997-10-03 00:00:00,19971003,1997-10-22,19971022.0,93,2,1,810.05,quick stop,andrew fuller
445,10692,sql,1997-10-03 00:00:00,19971003,1997-10-13,19971013.0,1,9,1,61.02,alfreds futterkiste,margaret peacock
446,10693,sql,1997-10-06 00:00:00,19971006,1997-10-10,19971010.0,118,6,1,139.34,white clover markets,janet leverling
447,10694,sql,1997-10-06 00:00:00,19971006,1997-10-09,19971009.0,93,7,1,398.36,quick stop,laura callahan
448,10695,sql,1997-10-07 00:00:00,19971007,1997-10-14,19971014.0,119,15,1,16.72,wilman kala,robert king
449,10696,sql,1997-10-08 00:00:00,19971008,1997-10-14,19971014.0,118,7,1,102.55,white clover markets,laura callahan
450,10697,sql,1997-10-08 00:00:00,19971008,1997-10-14,19971014.0,77,6,1,45.52,lino delicateses,janet leverling
451,10698,sql,1997-10-09 00:00:00,19971009,1997-10-17,19971017.0,50,9,1,272.47,ernst handel,margaret peacock
452,10699,sql,1997-10-09 00:00:00,19971009,1997-10-13,19971013.0,82,6,1,0.58,morgenstern gesundkost,janet leverling
453,10700,sql,1997-10-10 00:00:00,19971010,1997-10-16,19971016.0,101,6,1,65.1,save a lot markets,janet leverling
454,10701,sql,1997-10-13 00:00:00,19971013,1997-10-15,19971015.0,67,12,1,220.31,hungry owl all night grocers,michael suyama
455,10702,sql,1997-10-13 00:00:00,19971013,1997-10-21,19971021.0,1,9,1,23.94,alfreds futterkiste,margaret peacock
456,10703,sql,1997-10-14 00:00:00,19971014,1997-10-20,19971020.0,54,12,1,152.3,folk och fa hb,michael suyama
457,10704,sql,1997-10-14 00:00:00,19971014,1997-11-07,19971107.0,92,12,1,4.78,queen cozinha,michael suyama
458,10705,sql,1997-10-15 00:00:00,19971015,1997-11-18,19971118.0,65,3,1,3.52,hilarion abastos,anne dodsworth
459,10706,sql,1997-10-16 00:00:00,19971016,1997-10-21,19971021.0,85,7,1,135.63,old world delicatessen,laura callahan
460,10707,sql,1997-10-16 00:00:00,19971016,1997-10-23,19971023.0,4,9,1,21.74,around the horn,margaret peacock
461,10708,sql,1997-10-17 00:00:00,19971017,1997-11-05,19971105.0,107,12,1,2.96,the big cheese,michael suyama
462,10709,sql,1997-10-17 00:00:00,19971017,1997-11-20,19971120.0,61,13,1,210.8,gourmet lanchonetes,nancy davolio
463,10710,sql,1997-10-20 00:00:00,19971020,1997-10-23,19971023.0,56,13,1,4.98,franchi s.p.a.,nancy davolio
464,10711,sql,1997-10-21 00:00:00,19971021,1997-10-29,19971029.0,101,17,1,52.41,save a lot markets,steven buchanan
465,10712,sql,1997-10-21 00:00:00,19971021,1997-10-31,19971031.0,67,6,1,89.93,hungry owl all night grocers,janet leverling
466,10713,sql,1997-10-22 00:00:00,19971022,1997-10-24,19971024.0,101,13,1,167.05,save a lot markets,nancy davolio
467,10714,sql,1997-10-22 00:00:00,19971022,1997-10-27,19971027.0,101,17,1,24.49,save a lot markets,steven buchanan
468,10715,sql,1997-10-23 00:00:00,19971023,1997-10-29,19971029.0,10,6,1,63.2,bon app',janet leverling
469,10716,sql,1997-10-24 00:00:00,19971024,1997-10-27,19971027.0,94,9,1,22.57,rancho grande,margaret peacock
470,10717,sql,1997-10-24 00:00:00,19971024,1997-10-29,19971029.0,57,13,1,59.25,frankenversand,nancy davolio
471,10718,sql,1997-10-27 00:00:00,19971027,1997-10-29,19971029.0,69,13,1,170.88,koniglich essen,nancy davolio
472,10719,sql,1997-10-27 00:00:00,19971027,1997-11-05,19971105.0,75,7,1,51.44,let's stop n shop,laura callahan
473,10720,sql,1997-10-28 00:00:00,19971028,1997-11-05,19971105.0,91,7,1,9.53,que delicia,laura callahan
474,10721,sql,1997-10-29 00:00:00,19971029,1997-10-31,19971031.0,93,17,1,48.92,quick stop,steven buchanan
475,10722,sql,1997-10-29 00:00:00,19971029,1997-11-04,19971104.0,101,7,1,74.58,save a lot markets,laura callahan
476,10723,sql,1997-10-30 00:00:00,19971030,1997-11-25,19971125.0,118,6,1,21.72,white clover markets,janet leverling
477,10724,sql,1997-10-30 00:00:00,19971030,1997-11-05,19971105.0,81,7,1,57.75,mere paillarde,laura callahan
478,10725,sql,1997-10-31 00:00:00,19971031,1997-11-05,19971105.0,51,9,1,10.83,familia arquibaldo,margaret peacock
479,10726,sql,1997-11-03 00:00:00,19971103,1997-12-05,19971205.0,49,9,1,16.56,eastern connection,margaret peacock
480,10727,sql,1997-11-03 00:00:00,19971103,1997-12-05,19971205.0,96,2,1,89.9,reggiani caseifici,andrew fuller
481,10728,sql,1997-11-04 00:00:00,19971104,1997-11-11,19971111.0,92,9,1,58.33,queen cozinha,margaret peacock
482,10729,sql,1997-11-04 00:00:00,19971104,1997-11-14,19971114.0,77,7,1,141.06,lino delicateses,laura callahan
483,10730,sql,1997-11-05 00:00:00,19971105,1997-11-14,19971114.0,10,17,1,20.12,bon app',steven buchanan
484,10731,sql,1997-11-06 00:00:00,19971106,1997-11-14,19971114.0,14,15,1,96.65,chop suey chinese,robert king
485,10732,sql,1997-11-06 00:00:00,19971106,1997-11-07,19971107.0,10,6,1,16.97,bon app',janet leverling
486,10733,sql,1997-11-07 00:00:00,19971107,1997-11-10,19971110.0,6,13,1,110.11,berglunds snabbkop,nancy davolio
487,10734,sql,1997-11-07 00:00:00,19971107,1997-11-12,19971112.0,61,2,1,1.63,gourmet lanchonetes,andrew fuller
488,10735,sql,1997-11-10 00:00:00,19971110,1997-11-21,19971121.0,75,12,1,45.97,let's stop n shop,michael suyama
489,10736,sql,1997-11-11 00:00:00,19971111,1997-11-21,19971121.0,67,3,1,44.1,hungry owl all night grocers,anne dodsworth
490,10737,sql,1997-11-11 00:00:00,19971111,1997-11-18,19971118.0,115,2,1,7.79,vins et alcools chevalier,andrew fuller
491,10738,sql,1997-11-12 00:00:00,19971112,1997-11-18,19971118.0,104,2,1,2.91,specialites du monde,andrew fuller
492,10739,sql,1997-11-12 00:00:00,19971112,1997-11-17,19971117.0,115,6,1,11.08,vins et alcools chevalier,janet leverling
493,10740,sql,1997-11-13 00:00:00,19971113,1997-11-25,19971125.0,118,9,1,81.88,white clover markets,margaret peacock
494,10741,sql,1997-11-14 00:00:00,19971114,1997-11-18,19971118.0,4,9,1,10.96,around the horn,margaret peacock
495,10742,sql,1997-11-14 00:00:00,19971114,1997-11-18,19971118.0,11,6,1,243.73,bottom dollar markets,janet leverling
496,10743,sql,1997-11-17 00:00:00,19971117,1997-11-21,19971121.0,4,13,1,23.72,around the horn,nancy davolio
497,10744,sql,1997-11-17 00:00:00,19971117,1997-11-24,19971124.0,113,12,1,69.19,vaffeljernet,michael suyama
498,10745,sql,1997-11-18 00:00:00,19971118,1997-11-27,19971127.0,93,3,1,3.52,quick stop,anne dodsworth
499,10746,sql,1997-11-19 00:00:00,19971119,1997-11-21,19971121.0,14,13,1,31.43,chop suey chinese,nancy davolio
500,10747,sql,1997-11-19 00:00:00,19971119,1997-11-26,19971126.0,89,12,1,117.33,piccolo und mehr,michael suyama
501,10748,sql,1997-11-20 00:00:00,19971120,1997-11-28,19971128.0,101,6,1,232.55,save a lot markets,janet leverling
502,10749,sql,1997-11-20 00:00:00,19971120,1997-12-19,19971219.0,68,9,1,61.53,island trading,margaret peacock
503,10750,sql,1997-11-21 00:00:00,19971121,1997-11-24,19971124.0,116,3,1,79.3,wartian herkku,anne dodsworth
504,10751,sql,1997-11-24 00:00:00,19971124,1997-12-03,19971203.0,98,6,1,130.79,richter supermarkt,janet leverling
505,10752,sql,1997-11-24 00:00:00,19971124,1997-11-28,19971128.0,83,2,1,1.39,north/south,andrew fuller
506,10753,sql,1997-11-25 00:00:00,19971125,1997-11-27,19971127.0,56,6,1,7.7,franchi s.p.a.,janet leverling
507,10754,sql,1997-11-25 00:00:00,19971125,1997-11-27,19971127.0,79,12,1,2.38,magazzini alimentari riuniti,michael suyama
508,10755,sql,1997-11-26 00:00:00,19971126,1997-11-28,19971128.0,10,9,1,16.71,bon app',margaret peacock
509,10756,sql,1997-11-27 00:00:00,19971127,1997-12-02,19971202.0,105,7,1,73.21,split rail beer & ale,laura callahan
510,10757,sql,1997-11-27 00:00:00,19971127,1997-12-15,19971215.0,101,12,1,8.19,save a lot markets,michael suyama
511,10758,sql,1997-11-28 00:00:00,19971128,1997-12-04,19971204.0,98,6,1,138.17,richter supermarkt,janet leverling
512,10759,sql,1997-11-28 00:00:00,19971128,1997-12-12,19971212.0,2,6,1,11.99,ana trujillo emparedados y helados,janet leverling
513,10760,sql,1997-12-01 00:00:00,19971201,1997-12-10,19971210.0,80,9,1,155.64,maison dewey,margaret peacock
514,10761,sql,1997-12-02 00:00:00,19971202,1997-12-08,19971208.0,95,17,1,18.66,rattlesnake canyon grocery,steven buchanan
515,10762,sql,1997-12-02 00:00:00,19971202,1997-12-09,19971209.0,54,6,1,328.74,folk och fa hb,janet leverling
516,10763,sql,1997-12-03 00:00:00,19971203,1997-12-08,19971208.0,53,6,1,37.35,folies gourmandes,janet leverling
517,10764,sql,1997-12-03 00:00:00,19971203,1997-12-08,19971208.0,50,12,1,145.45,ernst handel,michael suyama
518,10765,sql,1997-12-04 00:00:00,19971204,1997-12-09,19971209.0,93,6,1,42.74,quick stop,janet leverling
519,10766,sql,1997-12-05 00:00:00,19971205,1997-12-09,19971209.0,86,9,1,157.55,ottilies kaseladen,margaret peacock
520,10767,sql,1997-12-05 00:00:00,19971205,1997-12-15,19971215.0,106,9,1,1.59,supremes delices,margaret peacock
521,10768,sql,1997-12-08 00:00:00,19971208,1997-12-15,19971215.0,4,6,1,146.32,around the horn,janet leverling
522,10769,sql,1997-12-08 00:00:00,19971208,1997-12-12,19971212.0,113,6,1,65.06,vaffeljernet,janet leverling
523,10770,sql,1997-12-09 00:00:00,19971209,1997-12-17,19971217.0,64,7,1,5.32,hanari carnes,laura callahan
524,10771,sql,1997-12-10 00:00:00,19971210,1998-01-02,19980102.0,50,3,1,11.19,ernst handel,anne dodsworth
525,10772,sql,1997-12-10 00:00:00,19971210,1997-12-19,19971219.0,74,6,1,91.28,lehmanns marktstand,janet leverling
526,10773,sql,1997-12-11 00:00:00,19971211,1997-12-16,19971216.0,50,13,1,96.43,ernst handel,nancy davolio
527,10774,sql,1997-12-11 00:00:00,19971211,1997-12-12,19971212.0,54,9,1,48.2,folk och fa hb,margaret peacock
528,10775,sql,1997-12-12 00:00:00,19971212,1997-12-26,19971226.0,108,15,1,20.25,the cracker box,robert king
529,10776,sql,1997-12-15 00:00:00,19971215,1997-12-18,19971218.0,50,13,1,351.53,ernst handel,nancy davolio
530,10777,sql,1997-12-15 00:00:00,19971215,1998-01-21,19980121.0,61,15,1,3.01,gourmet lanchonetes,robert king
531,10778,sql,1997-12-16 00:00:00,19971216,1997-12-24,19971224.0,6,6,1,6.79,berglunds snabbkop,janet leverling
532,10779,sql,1997-12-16 00:00:00,19971216,1998-01-14,19980114.0,82,6,1,58.13,morgenstern gesundkost,janet leverling
533,10780,sql,1997-12-16 00:00:00,19971216,1997-12-25,19971225.0,76,2,1,42.13,lila supermercado,andrew fuller
534,10781,sql,1997-12-17 00:00:00,19971217,1997-12-19,19971219.0,116,2,1,73.16,wartian herkku,andrew fuller
535,10782,sql,1997-12-17 00:00:00,19971217,1997-12-22,19971222.0,12,3,1,1.1,cactus comidas para llevar,anne dodsworth
536,10783,sql,1997-12-18 00:00:00,19971218,1997-12-19,19971219.0,64,9,1,124.98,hanari carnes,margaret peacock
537,10784,sql,1997-12-18 00:00:00,19971218,1997-12-22,19971222.0,79,9,1,70.09,magazzini alimentari riuniti,margaret peacock
538,10785,sql,1997-12-18 00:00:00,19971218,1997-12-24,19971224.0,63,13,1,1.51,grosella restaurante,nancy davolio
539,10786,sql,1997-12-19 00:00:00,19971219,1997-12-23,19971223.0,92,7,1,110.87,queen cozinha,laura callahan
540,10787,sql,1997-12-19 00:00:00,19971219,1997-12-26,19971226.0,71,2,1,249.93,la maison d'asie,andrew fuller
541,10788,sql,1997-12-22 00:00:00,19971222,1998-01-19,19980119.0,93,13,1,42.7,quick stop,nancy davolio
542,10789,sql,1997-12-22 00:00:00,19971222,1997-12-31,19971231.0,53,13,1,100.6,folies gourmandes,nancy davolio
543,10790,sql,1997-12-22 00:00:00,19971222,1997-12-26,19971226.0,61,12,1,28.23,gourmet lanchonetes,michael suyama
544,10791,sql,1997-12-23 00:00:00,19971223,1998-01-01,19980101.0,57,12,1,16.85,frankenversand,michael suyama
545,10792,sql,1997-12-23 00:00:00,19971223,1997-12-31,19971231.0,120,13,1,23.79,wolski zajazd,nancy davolio
546,10793,sql,1997-12-24 00:00:00,19971224,1998-01-08,19980108.0,4,6,1,4.52,around the horn,janet leverling
547,10794,sql,1997-12-24 00:00:00,19971224,1998-01-02,19980102.0,91,12,1,21.49,que delicia,michael suyama
548,10795,sql,1997-12-24 00:00:00,19971224,1998-01-20,19980120.0,50,7,1,126.66,ernst handel,laura callahan
549,10796,sql,1997-12-25 00:00:00,19971225,1998-01-14,19980114.0,65,6,1,26.52,hilarion abastos,janet leverling
550,10797,sql,1997-12-25 00:00:00,19971225,1998-01-05,19980105.0,47,15,1,33.35,drachenblut delikatessen,robert king
551,10798,sql,1997-12-26 00:00:00,19971226,1998-01-05,19980105.0,68,2,1,2.33,island trading,andrew fuller
552,10799,sql,1997-12-26 00:00:00,19971226,1998-01-05,19980105.0,69,3,1,30.76,koniglich essen,anne dodsworth
553,10800,sql,1997-12-26 00:00:00,19971226,1998-01-05,19980105.0,102,13,1,137.44,seven seas imports,nancy davolio
554,10801,sql,1997-12-29 00:00:00,19971229,1997-12-31,19971231.0,9,9,1,97.09,bolido comidas preparadas,margaret peacock
555,10802,sql,1997-12-29 00:00:00,19971229,1998-01-02,19980102.0,103,9,1,257.26,simons bistro,margaret peacock
556,10803,sql,1997-12-30 00:00:00,19971230,1998-01-06,19980106.0,117,9,1,55.23,wellington importadora,margaret peacock
557,10804,sql,1997-12-30 00:00:00,19971230,1998-01-07,19980107.0,102,12,1,27.33,seven seas imports,michael suyama
558,10805,sql,1997-12-30 00:00:00,19971230,1998-01-09,19980109.0,107,2,1,237.34,the big cheese,andrew fuller
559,10806,sql,1997-12-31 00:00:00,19971231,1998-01-05,19980105.0,114,6,1,22.11,victuailles en stock,janet leverling
560,10807,sql,1997-12-31 00:00:00,19971231,1998-01-30,19980130.0,56,9,1,1.36,franchi s.p.a.,margaret peacock
561,10808,sql,1998-01-01 00:00:00,19980101,1998-01-09,19980109.0,85,2,1,45.53,old world delicatessen,andrew fuller
562,10809,sql,1998-01-01 00:00:00,19980101,1998-01-07,19980107.0,117,15,1,4.87,wellington importadora,robert king
563,10810,sql,1998-01-01 00:00:00,19980101,1998-01-07,19980107.0,72,2,1,4.33,laughing bacchus wine cellars,andrew fuller
564,10811,sql,1998-01-02 00:00:00,19980102,1998-01-08,19980108.0,77,7,1,31.22,lino delicateses,laura callahan
565,10812,sql,1998-01-02 00:00:00,19980102,1998-01-12,19980112.0,96,17,1,59.78,reggiani caseifici,steven buchanan
566,10813,sql,1998-01-05 00:00:00,19980105,1998-01-09,19980109.0,97,13,1,47.38,ricardo adocicados,nancy davolio
567,10814,sql,1998-01-05 00:00:00,19980105,1998-01-14,19980114.0,114,6,1,130.94,victuailles en stock,janet leverling
568,10815,sql,1998-01-05 00:00:00,19980105,1998-01-14,19980114.0,101,2,1,14.62,save a lot markets,andrew fuller
569,10816,sql,1998-01-06 00:00:00,19980106,1998-02-04,19980204.0,62,9,1,719.78,great lakes food market,margaret peacock
570,10817,sql,1998-01-06 00:00:00,19980106,1998-01-13,19980113.0,69,6,1,306.07,koniglich essen,janet leverling
571,10818,sql,1998-01-07 00:00:00,19980107,1998-01-12,19980112.0,79,15,1,65.48,magazzini alimentari riuniti,robert king
572,10819,sql,1998-01-07 00:00:00,19980107,1998-01-16,19980116.0,12,2,1,19.76,cactus comidas para llevar,andrew fuller
573,10820,sql,1998-01-07 00:00:00,19980107,1998-01-13,19980113.0,95,6,1,37.52,rattlesnake canyon grocery,janet leverling
574,10821,sql,1998-01-08 00:00:00,19980108,1998-01-15,19980115.0,105,13,1,36.68,split rail beer & ale,nancy davolio
575,10822,sql,1998-01-08 00:00:00,19980108,1998-01-16,19980116.0,112,12,1,7.0,trail's head gourmet provisioners,michael suyama
576,10823,sql,1998-01-09 00:00:00,19980109,1998-01-13,19980113.0,76,17,1,163.97,lila supermercado,steven buchanan
577,10824,sql,1998-01-09 00:00:00,19980109,1998-01-30,19980130.0,54,7,1,1.23,folk och fa hb,laura callahan
578,10825,sql,1998-01-09 00:00:00,19980109,1998-01-14,19980114.0,47,13,1,79.25,drachenblut delikatessen,nancy davolio
579,10826,sql,1998-01-12 00:00:00,19980112,1998-02-06,19980206.0,8,12,1,7.09,blondesddsl pere et fils,michael suyama
580,10827,sql,1998-01-12 00:00:00,19980112,1998-02-06,19980206.0,10,13,1,63.54,bon app',nancy davolio
581,10828,sql,1998-01-13 00:00:00,19980113,1998-02-04,19980204.0,94,3,1,90.85,rancho grande,anne dodsworth
582,10829,sql,1998-01-13 00:00:00,19980113,1998-01-23,19980123.0,68,3,1,154.72,island trading,anne dodsworth
583,10830,sql,1998-01-13 00:00:00,19980113,1998-01-21,19980121.0,111,9,1,81.83,tradicao hipermercados,margaret peacock
584,10831,sql,1998-01-14 00:00:00,19980114,1998-01-23,19980123.0,100,6,1,72.19,sante gourmet,janet leverling
585,10832,sql,1998-01-14 00:00:00,19980114,1998-01-19,19980119.0,71,2,1,43.26,la maison d'asie,andrew fuller
586,10833,sql,1998-01-15 00:00:00,19980115,1998-01-23,19980123.0,86,12,1,71.49,ottilies kaseladen,michael suyama
587,10834,sql,1998-01-15 00:00:00,19980115,1998-01-19,19980119.0,111,13,1,29.78,tradicao hipermercados,nancy davolio
588,10835,sql,1998-01-15 00:00:00,19980115,1998-01-21,19980121.0,1,13,1,69.53,alfreds futterkiste,nancy davolio
589,10836,sql,1998-01-16 00:00:00,19980116,1998-01-21,19980121.0,50,15,1,411.88,ernst handel,robert king
590,10837,sql,1998-01-16 00:00:00,19980116,1998-01-23,19980123.0,6,3,1,13.32,berglunds snabbkop,anne dodsworth
591,10838,sql,1998-01-19 00:00:00,19980119,1998-01-23,19980123.0,77,6,1,59.28,lino delicateses,janet leverling
592,10839,sql,1998-01-19 00:00:00,19980119,1998-01-22,19980122.0,111,6,1,35.43,tradicao hipermercados,janet leverling
593,10840,sql,1998-01-19 00:00:00,19980119,1998-02-16,19980216.0,77,9,1,2.71,lino delicateses,margaret peacock
594,10841,sql,1998-01-20 00:00:00,19980120,1998-01-29,19980129.0,106,17,1,424.3,supremes delices,steven buchanan
595,10842,sql,1998-01-20 00:00:00,19980120,1998-01-29,19980129.0,110,13,1,54.42,tortuga restaurante,nancy davolio
596,10843,sql,1998-01-21 00:00:00,19980121,1998-01-26,19980126.0,114,9,1,9.26,victuailles en stock,margaret peacock
597,10844,sql,1998-01-21 00:00:00,19980121,1998-01-26,19980126.0,89,7,1,25.22,piccolo und mehr,laura callahan
598,10845,sql,1998-01-21 00:00:00,19980121,1998-01-30,19980130.0,93,7,1,212.98,quick stop,laura callahan
599,10846,sql,1998-01-22 00:00:00,19980122,1998-01-23,19980123.0,106,2,1,56.46,supremes delices,andrew fuller
600,10847,sql,1998-01-22 00:00:00,19980122,1998-02-10,19980210.0,101,9,1,487.57,save a lot markets,margaret peacock
601,10848,sql,1998-01-23 00:00:00,19980123,1998-01-29,19980129.0,45,15,1,38.24,consolidated holdings,robert king
602,10849,sql,1998-01-23 00:00:00,19980123,1998-01-30,19980130.0,69,3,1,0.56,koniglich essen,anne dodsworth
603,10850,sql,1998-01-23 00:00:00,19980123,1998-01-30,19980130.0,114,13,1,49.19,victuailles en stock,nancy davolio
604,10851,sql,1998-01-26 00:00:00,19980126,1998-02-02,19980202.0,97,17,1,160.55,ricardo adocicados,steven buchanan
605,10852,sql,1998-01-26 00:00:00,19980126,1998-01-30,19980130.0,95,7,1,174.05,rattlesnake canyon grocery,laura callahan
606,10853,sql,1998-01-27 00:00:00,19980127,1998-02-03,19980203.0,7,3,1,53.83,blauer see delikatessen,anne dodsworth
607,10854,sql,1998-01-27 00:00:00,19980127,1998-02-05,19980205.0,50,6,1,100.22,ernst handel,janet leverling
608,10855,sql,1998-01-27 00:00:00,19980127,1998-02-04,19980204.0,85,6,1,170.97,old world delicatessen,janet leverling
609,10856,sql,1998-01-28 00:00:00,19980128,1998-02-10,19980210.0,3,6,1,58.43,antonio moreno taqueria,janet leverling
610,10857,sql,1998-01-28 00:00:00,19980128,1998-02-06,19980206.0,6,7,1,188.85,berglunds snabbkop,laura callahan
611,10858,sql,1998-01-29 00:00:00,19980129,1998-02-03,19980203.0,70,2,1,52.51,la corne d'abondance,andrew fuller
612,10859,sql,1998-01-29 00:00:00,19980129,1998-02-02,19980202.0,57,13,1,76.1,frankenversand,nancy davolio
613,10860,sql,1998-01-29 00:00:00,19980129,1998-02-04,19980204.0,55,6,1,19.26,france restauration,janet leverling
614,10861,sql,1998-01-30 00:00:00,19980130,1998-02-17,19980217.0,118,9,1,14.93,white clover markets,margaret peacock
615,10862,sql,1998-01-30 00:00:00,19980130,1998-02-02,19980202.0,74,7,1,53.23,lehmanns marktstand,laura callahan
616,10863,sql,1998-02-02 00:00:00,19980202,1998-02-17,19980217.0,65,9,1,30.26,hilarion abastos,margaret peacock
617,10864,sql,1998-02-02 00:00:00,19980202,1998-02-09,19980209.0,4,9,1,3.04,around the horn,margaret peacock
618,10865,sql,1998-02-02 00:00:00,19980202,1998-02-12,19980212.0,93,2,1,348.14,quick stop,andrew fuller
619,10866,sql,1998-02-03 00:00:00,19980203,1998-02-12,19980212.0,6,17,1,109.11,berglunds snabbkop,steven buchanan
620,10867,sql,1998-02-03 00:00:00,19980203,1998-02-11,19980211.0,78,12,1,1.93,lonesome pine restaurant,michael suyama
621,10868,sql,1998-02-04 00:00:00,19980204,1998-02-23,19980223.0,92,15,1,191.27,queen cozinha,robert king
622,10869,sql,1998-02-04 00:00:00,19980204,1998-02-09,19980209.0,102,17,1,143.28,seven seas imports,steven buchanan
623,10870,sql,1998-02-04 00:00:00,19980204,1998-02-13,19980213.0,120,17,1,12.04,wolski zajazd,steven buchanan
624,10871,sql,1998-02-05 00:00:00,19980205,1998-02-10,19980210.0,10,3,1,112.27,bon app',anne dodsworth
625,10872,sql,1998-02-05 00:00:00,19980205,1998-02-09,19980209.0,60,17,1,175.32,godos cocina tipica,steven buchanan
626,10873,sql,1998-02-06 00:00:00,19980206,1998-02-09,19980209.0,119,9,1,0.82,wilman kala,margaret peacock
627,10874,sql,1998-02-06 00:00:00,19980206,1998-02-11,19980211.0,60,17,1,19.58,godos cocina tipica,steven buchanan
628,10875,sql,1998-02-06 00:00:00,19980206,1998-03-03,19980303.0,6,9,1,32.37,berglunds snabbkop,margaret peacock
629,10876,sql,1998-02-09 00:00:00,19980209,1998-02-12,19980212.0,10,15,1,60.42,bon app',robert king
630,10877,sql,1998-02-09 00:00:00,19980209,1998-02-19,19980219.0,97,13,1,38.06,ricardo adocicados,nancy davolio
631,10878,sql,1998-02-10 00:00:00,19980210,1998-02-12,19980212.0,93,9,1,46.69,quick stop,margaret peacock
632,10879,sql,1998-02-10 00:00:00,19980210,1998-02-12,19980212.0,119,6,1,8.5,wilman kala,janet leverling
633,10880,sql,1998-02-10 00:00:00,19980210,1998-02-18,19980218.0,54,15,1,88.01,folk och fa hb,robert king
634,10881,sql,1998-02-11 00:00:00,19980211,1998-02-18,19980218.0,12,9,1,2.84,cactus comidas para llevar,margaret peacock
635,10882,sql,1998-02-11 00:00:00,19980211,1998-02-20,19980220.0,101,9,1,23.1,save a lot markets,margaret peacock
636,10883,sql,1998-02-12 00:00:00,19980212,1998-02-20,19980220.0,78,7,1,0.53,lonesome pine restaurant,laura callahan
637,10884,sql,1998-02-12 00:00:00,19980212,1998-02-13,19980213.0,75,9,1,90.97,let's stop n shop,margaret peacock
638,10885,sql,1998-02-12 00:00:00,19980212,1998-02-18,19980218.0,106,12,1,5.64,supremes delices,michael suyama
639,10886,sql,1998-02-13 00:00:00,19980213,1998-03-02,19980302.0,64,13,1,4.99,hanari carnes,nancy davolio
640,10887,sql,1998-02-13 00:00:00,19980213,1998-02-16,19980216.0,59,7,1,1.25,galeria del gastronomo,laura callahan
641,10888,sql,1998-02-16 00:00:00,19980216,1998-02-23,19980223.0,60,13,1,51.87,godos cocina tipica,nancy davolio
642,10889,sql,1998-02-16 00:00:00,19980216,1998-02-23,19980223.0,95,3,1,280.61,rattlesnake canyon grocery,anne dodsworth
643,10890,sql,1998-02-16 00:00:00,19980216,1998-02-18,19980218.0,48,15,1,32.76,du monde entier,robert king
644,10891,sql,1998-02-17 00:00:00,19980217,1998-02-19,19980219.0,74,15,1,20.37,lehmanns marktstand,robert king
645,10892,sql,1998-02-17 00:00:00,19980217,1998-02-19,19980219.0,80,9,1,120.27,maison dewey,margaret peacock
646,10893,sql,1998-02-18 00:00:00,19980218,1998-02-20,19980220.0,69,3,1,77.78,koniglich essen,anne dodsworth
647,10894,sql,1998-02-18 00:00:00,19980218,1998-02-20,19980220.0,101,13,1,116.13,save a lot markets,nancy davolio
648,10895,sql,1998-02-18 00:00:00,19980218,1998-02-23,19980223.0,50,6,1,162.75,ernst handel,janet leverling
649,10896,sql,1998-02-19 00:00:00,19980219,1998-02-27,19980227.0,80,15,1,32.45,maison dewey,robert king
650,10897,sql,1998-02-19 00:00:00,19980219,1998-02-25,19980225.0,67,6,1,603.54,hungry owl all night grocers,janet leverling
651,10898,sql,1998-02-20 00:00:00,19980220,1998-03-06,19980306.0,84,9,1,1.27,oceano atlantico ltda.,margaret peacock
652,10899,sql,1998-02-20 00:00:00,19980220,1998-02-26,19980226.0,76,17,1,1.21,lila supermercado,steven buchanan
653,10900,sql,1998-02-20 00:00:00,19980220,1998-03-04,19980304.0,117,13,1,1.66,wellington importadora,nancy davolio
654,10901,sql,1998-02-23 00:00:00,19980223,1998-02-26,19980226.0,65,9,1,62.09,hilarion abastos,margaret peacock
655,10902,sql,1998-02-23 00:00:00,19980223,1998-03-03,19980303.0,54,13,1,44.15,folk och fa hb,nancy davolio
656,10903,sql,1998-02-24 00:00:00,19980224,1998-03-04,19980304.0,64,6,1,36.71,hanari carnes,janet leverling
657,10904,sql,1998-02-24 00:00:00,19980224,1998-02-27,19980227.0,118,6,1,162.95,white clover markets,janet leverling
658,10905,sql,1998-02-24 00:00:00,19980224,1998-03-06,19980306.0,117,3,1,13.72,wellington importadora,anne dodsworth
659,10906,sql,1998-02-25 00:00:00,19980225,1998-03-03,19980303.0,120,9,1,26.29,wolski zajazd,margaret peacock
660,10907,sql,1998-02-25 00:00:00,19980225,1998-02-27,19980227.0,104,12,1,9.19,specialites du monde,michael suyama
661,10908,sql,1998-02-26 00:00:00,19980226,1998-03-06,19980306.0,96,9,1,32.96,reggiani caseifici,margaret peacock
662,10909,sql,1998-02-26 00:00:00,19980226,1998-03-10,19980310.0,100,13,1,53.05,sante gourmet,nancy davolio
663,10910,sql,1998-02-26 00:00:00,19980226,1998-03-04,19980304.0,119,13,1,38.11,wilman kala,nancy davolio
664,10911,sql,1998-02-26 00:00:00,19980226,1998-03-05,19980305.0,60,6,1,38.19,godos cocina tipica,janet leverling
665,10912,sql,1998-02-26 00:00:00,19980226,1998-03-18,19980318.0,67,2,1,580.91,hungry owl all night grocers,andrew fuller
666,10913,sql,1998-02-26 00:00:00,19980226,1998-03-04,19980304.0,92,9,1,33.05,queen cozinha,margaret peacock
667,10914,sql,1998-02-27 00:00:00,19980227,1998-03-02,19980302.0,92,12,1,21.19,queen cozinha,michael suyama
668,10915,sql,1998-02-27 00:00:00,19980227,1998-03-02,19980302.0,110,2,1,3.51,tortuga restaurante,andrew fuller
669,10916,sql,1998-02-27 00:00:00,19980227,1998-03-09,19980309.0,94,13,1,63.77,rancho grande,nancy davolio
670,10917,sql,1998-03-02 00:00:00,19980302,1998-03-11,19980311.0,99,9,1,8.29,romero y tomillo,margaret peacock
671,10918,sql,1998-03-02 00:00:00,19980302,1998-03-11,19980311.0,11,6,1,48.83,bottom dollar markets,janet leverling
672,10919,sql,1998-03-02 00:00:00,19980302,1998-03-04,19980304.0,77,2,1,19.8,lino delicateses,andrew fuller
673,10920,sql,1998-03-03 00:00:00,19980303,1998-03-09,19980309.0,4,9,1,29.61,around the horn,margaret peacock
674,10921,sql,1998-03-03 00:00:00,19980303,1998-03-09,19980309.0,113,13,1,176.48,vaffeljernet,nancy davolio
675,10922,sql,1998-03-03 00:00:00,19980303,1998-03-05,19980305.0,64,17,1,62.74,hanari carnes,steven buchanan
676,10923,sql,1998-03-03 00:00:00,19980303,1998-03-13,19980313.0,71,15,1,68.26,la maison d'asie,robert king
677,10924,sql,1998-03-04 00:00:00,19980304,1998-04-08,19980408.0,6,6,1,151.52,berglunds snabbkop,janet leverling
678,10925,sql,1998-03-04 00:00:00,19980304,1998-03-13,19980313.0,64,6,1,2.27,hanari carnes,janet leverling
679,10926,sql,1998-03-04 00:00:00,19980304,1998-03-11,19980311.0,2,9,1,39.92,ana trujillo emparedados y helados,margaret peacock
680,10927,sql,1998-03-05 00:00:00,19980305,1998-04-08,19980408.0,70,9,1,19.79,la corne d'abondance,margaret peacock
681,10928,sql,1998-03-05 00:00:00,19980305,1998-03-18,19980318.0,59,13,1,1.36,galeria del gastronomo,nancy davolio
682,10929,sql,1998-03-05 00:00:00,19980305,1998-03-12,19980312.0,57,12,1,33.93,frankenversand,michael suyama
683,10930,sql,1998-03-06 00:00:00,19980306,1998-03-18,19980318.0,106,9,1,15.55,supremes delices,margaret peacock
684,10931,sql,1998-03-06 00:00:00,19980306,1998-03-19,19980319.0,98,9,1,13.6,richter supermarkt,margaret peacock
685,10932,sql,1998-03-06 00:00:00,19980306,1998-03-24,19980324.0,10,7,1,134.64,bon app',laura callahan
686,10933,sql,1998-03-06 00:00:00,19980306,1998-03-16,19980316.0,68,12,1,54.15,island trading,michael suyama
687,10934,sql,1998-03-09 00:00:00,19980309,1998-03-12,19980312.0,74,6,1,32.01,lehmanns marktstand,janet leverling
688,10935,sql,1998-03-09 00:00:00,19980309,1998-03-18,19980318.0,117,9,1,47.59,wellington importadora,margaret peacock
689,10936,sql,1998-03-09 00:00:00,19980309,1998-03-18,19980318.0,62,6,1,33.68,great lakes food market,janet leverling
690,10937,sql,1998-03-10 00:00:00,19980310,1998-03-13,19980313.0,12,15,1,31.51,cactus comidas para llevar,robert king
691,10938,sql,1998-03-10 00:00:00,19980310,1998-03-16,19980316.0,93,6,1,31.89,quick stop,janet leverling
692,10939,sql,1998-03-10 00:00:00,19980310,1998-03-13,19980313.0,79,2,1,76.33,magazzini alimentari riuniti,andrew fuller
693,10940,sql,1998-03-11 00:00:00,19980311,1998-03-23,19980323.0,10,7,1,19.77,bon app',laura callahan
694,10941,sql,1998-03-11 00:00:00,19980311,1998-03-20,19980320.0,101,15,1,400.81,save a lot markets,robert king
695,10942,sql,1998-03-11 00:00:00,19980311,1998-03-18,19980318.0,96,3,1,17.95,reggiani caseifici,anne dodsworth
696,10943,sql,1998-03-11 00:00:00,19980311,1998-03-19,19980319.0,5,9,1,2.17,b's beverages,margaret peacock
697,10944,sql,1998-03-12 00:00:00,19980312,1998-03-13,19980313.0,11,12,1,52.92,bottom dollar markets,michael suyama
698,10945,sql,1998-03-12 00:00:00,19980312,1998-03-18,19980318.0,82,9,1,10.22,morgenstern gesundkost,margaret peacock
699,10946,sql,1998-03-12 00:00:00,19980312,1998-03-19,19980319.0,113,13,1,27.2,vaffeljernet,nancy davolio
700,10947,sql,1998-03-13 00:00:00,19980313,1998-03-16,19980316.0,5,6,1,3.26,b's beverages,janet leverling
701,10948,sql,1998-03-13 00:00:00,19980313,1998-03-19,19980319.0,60,6,1,23.39,godos cocina tipica,janet leverling
702,10949,sql,1998-03-13 00:00:00,19980313,1998-03-17,19980317.0,11,2,1,74.44,bottom dollar markets,andrew fuller
703,10950,sql,1998-03-16 00:00:00,19980316,1998-03-23,19980323.0,79,13,1,2.5,magazzini alimentari riuniti,nancy davolio
704,10951,sql,1998-03-16 00:00:00,19980316,1998-04-07,19980407.0,98,3,1,30.85,richter supermarkt,anne dodsworth
705,10952,sql,1998-03-16 00:00:00,19980316,1998-03-24,19980324.0,1,13,1,40.42,alfreds futterkiste,nancy davolio
706,10953,sql,1998-03-16 00:00:00,19980316,1998-03-25,19980325.0,4,3,1,23.72,around the horn,anne dodsworth
707,10954,sql,1998-03-17 00:00:00,19980317,1998-03-20,19980320.0,77,17,1,27.91,lino delicateses,steven buchanan
708,10955,sql,1998-03-17 00:00:00,19980317,1998-03-20,19980320.0,54,7,1,3.26,folk och fa hb,laura callahan
709,10956,sql,1998-03-17 00:00:00,19980317,1998-03-20,19980320.0,7,12,1,44.65,blauer see delikatessen,michael suyama
710,10957,sql,1998-03-18 00:00:00,19980318,1998-03-27,19980327.0,65,7,1,105.36,hilarion abastos,laura callahan
711,10958,sql,1998-03-18 00:00:00,19980318,1998-03-27,19980327.0,84,15,1,49.56,oceano atlantico ltda.,robert king
712,10959,sql,1998-03-18 00:00:00,19980318,1998-03-23,19980323.0,61,12,1,4.98,gourmet lanchonetes,michael suyama
713,10960,sql,1998-03-19 00:00:00,19980319,1998-04-08,19980408.0,65,6,1,2.08,hilarion abastos,janet leverling
714,10961,sql,1998-03-19 00:00:00,19980319,1998-03-30,19980330.0,92,7,1,104.47,queen cozinha,laura callahan
715,10962,sql,1998-03-19 00:00:00,19980319,1998-03-23,19980323.0,93,7,1,275.79,quick stop,laura callahan
716,10963,sql,1998-03-19 00:00:00,19980319,1998-03-26,19980326.0,58,3,1,2.7,furia bacalhau e frutos do mar,anne dodsworth
717,10964,sql,1998-03-20 00:00:00,19980320,1998-03-24,19980324.0,104,6,1,87.38,specialites du monde,janet leverling
718,10965,sql,1998-03-20 00:00:00,19980320,1998-03-30,19980330.0,85,12,1,144.38,old world delicatessen,michael suyama
719,10966,sql,1998-03-20 00:00:00,19980320,1998-04-08,19980408.0,14,9,1,27.19,chop suey chinese,margaret peacock
720,10967,sql,1998-03-23 00:00:00,19980323,1998-04-02,19980402.0,109,2,1,62.22,toms spezialitaten,andrew fuller
721,10968,sql,1998-03-23 00:00:00,19980323,1998-04-01,19980401.0,50,13,1,74.6,ernst handel,nancy davolio
722,10969,sql,1998-03-23 00:00:00,19980323,1998-03-30,19980330.0,15,13,1,0.21,comercio mineiro,nancy davolio
723,10970,sql,1998-03-24 00:00:00,19980324,1998-04-24,19980424.0,9,3,1,16.16,bolido comidas preparadas,anne dodsworth
724,10971,sql,1998-03-24 00:00:00,19980324,1998-04-02,19980402.0,55,2,1,121.82,france restauration,andrew fuller
725,10972,sql,1998-03-24 00:00:00,19980324,1998-03-26,19980326.0,70,9,1,0.02,la corne d'abondance,margaret peacock
726,10973,sql,1998-03-24 00:00:00,19980324,1998-03-27,19980327.0,70,12,1,15.17,la corne d'abondance,michael suyama
727,10974,sql,1998-03-25 00:00:00,19980325,1998-04-03,19980403.0,105,6,1,12.96,split rail beer & ale,janet leverling
728,10975,sql,1998-03-25 00:00:00,19980325,1998-03-27,19980327.0,11,13,1,32.27,bottom dollar markets,nancy davolio
729,10976,sql,1998-03-25 00:00:00,19980325,1998-04-03,19980403.0,65,13,1,37.97,hilarion abastos,nancy davolio
730,10977,sql,1998-03-26 00:00:00,19980326,1998-04-10,19980410.0,54,7,1,208.5,folk och fa hb,laura callahan
731,10978,sql,1998-03-26 00:00:00,19980326,1998-04-23,19980423.0,80,3,1,32.82,maison dewey,anne dodsworth
732,10979,sql,1998-03-26 00:00:00,19980326,1998-03-31,19980331.0,50,7,1,353.07,ernst handel,laura callahan
733,10980,sql,1998-03-27 00:00:00,19980327,1998-04-17,19980417.0,54,9,1,1.26,folk och fa hb,margaret peacock
734,10981,sql,1998-03-27 00:00:00,19980327,1998-04-02,19980402.0,64,13,1,193.37,hanari carnes,nancy davolio
735,10982,sql,1998-03-27 00:00:00,19980327,1998-04-08,19980408.0,11,2,1,14.01,bottom dollar markets,andrew fuller
736,10983,sql,1998-03-27 00:00:00,19980327,1998-04-06,19980406.0,101,2,1,657.54,save a lot markets,andrew fuller
737,10984,sql,1998-03-30 00:00:00,19980330,1998-04-03,19980403.0,101,13,1,211.22,save a lot markets,nancy davolio
738,10985,sql,1998-03-30 00:00:00,19980330,1998-04-02,19980402.0,67,2,1,91.51,hungry owl all night grocers,andrew fuller
739,10986,sql,1998-03-30 00:00:00,19980330,1998-04-21,19980421.0,84,7,1,217.86,oceano atlantico ltda.,laura callahan
740,10987,sql,1998-03-31 00:00:00,19980331,1998-04-06,19980406.0,49,7,1,185.48,eastern connection,laura callahan
741,10988,sql,1998-03-31 00:00:00,19980331,1998-04-10,19980410.0,95,6,1,61.14,rattlesnake canyon grocery,janet leverling
742,10989,sql,1998-03-31 00:00:00,19980331,1998-04-02,19980402.0,91,2,1,34.76,que delicia,andrew fuller
743,10990,sql,1998-04-01 00:00:00,19980401,1998-04-07,19980407.0,50,2,1,117.61,ernst handel,andrew fuller
744,10991,sql,1998-04-01 00:00:00,19980401,1998-04-07,19980407.0,93,13,1,38.51,quick stop,nancy davolio
745,10992,sql,1998-04-01 00:00:00,19980401,1998-04-03,19980403.0,107,13,1,4.27,the big cheese,nancy davolio
746,10993,sql,1998-04-01 00:00:00,19980401,1998-04-10,19980410.0,54,15,1,8.81,folk och fa hb,robert king
747,10994,sql,1998-04-02 00:00:00,19980402,1998-04-09,19980409.0,113,2,1,65.53,vaffeljernet,andrew fuller
748,10995,sql,1998-04-02 00:00:00,19980402,1998-04-06,19980406.0,88,13,1,46.0,pericles comidas clasicas,nancy davolio
749,10996,sql,1998-04-02 00:00:00,19980402,1998-04-10,19980410.0,93,9,1,1.12,quick stop,margaret peacock
750,10997,sql,1998-04-03 00:00:00,19980403,1998-04-13,19980413.0,76,7,1,73.91,lila supermercado,laura callahan
751,10998,sql,1998-04-03 00:00:00,19980403,1998-04-17,19980417.0,120,7,1,20.31,wolski zajazd,laura callahan
752,10999,sql,1998-04-03 00:00:00,19980403,1998-04-10,19980410.0,86,12,1,96.35,ottilies kaseladen,michael suyama
753,11000,sql,1998-04-06 00:00:00,19980406,1998-04-14,19980414.0,95,2,1,55.12,rattlesnake canyon grocery,andrew fuller
754,11001,sql,1998-04-06 00:00:00,19980406,1998-04-14,19980414.0,54,2,1,197.3,folk och fa hb,andrew fuller
755,11002,sql,1998-04-06 00:00:00,19980406,1998-04-16,19980416.0,101,9,1,141.16,save a lot markets,margaret peacock
756,11003,sql,1998-04-06 00:00:00,19980406,1998-04-08,19980408.0,108,6,1,14.91,the cracker box,janet leverling
757,11004,sql,1998-04-07 00:00:00,19980407,1998-04-20,19980420.0,80,6,1,44.84,maison dewey,janet leverling
758,11005,sql,1998-04-07 00:00:00,19980407,1998-04-10,19980410.0,119,2,1,0.75,wilman kala,andrew fuller
759,11006,sql,1998-04-07 00:00:00,19980407,1998-04-15,19980415.0,62,6,1,25.19,great lakes food market,janet leverling
760,11007,sql,1998-04-08 00:00:00,19980408,1998-04-13,19980413.0,90,7,1,202.24,princesa isabel vinhos,laura callahan
761,11008,sql,1998-04-08 00:00:00,19980408,,,50,15,0,79.46,ernst handel,robert king
762,11009,sql,1998-04-08 00:00:00,19980408,1998-04-10,19980410.0,60,2,1,59.11,godos cocina tipica,andrew fuller
763,11010,sql,1998-04-09 00:00:00,19980409,1998-04-21,19980421.0,96,2,1,28.71,reggiani caseifici,andrew fuller
764,11011,sql,1998-04-09 00:00:00,19980409,1998-04-13,19980413.0,1,6,1,1.21,alfreds futterkiste,janet leverling
765,11012,sql,1998-04-09 00:00:00,19980409,1998-04-17,19980417.0,57,13,1,242.95,frankenversand,nancy davolio
766,11013,sql,1998-04-09 00:00:00,19980409,1998-04-10,19980410.0,99,2,1,32.99,romero y tomillo,andrew fuller
767,11014,sql,1998-04-10 00:00:00,19980410,1998-04-15,19980415.0,77,2,1,23.6,lino delicateses,andrew fuller
768,11015,sql,1998-04-10 00:00:00,19980410,1998-04-20,19980420.0,100,2,1,4.62,sante gourmet,andrew fuller
769,11016,sql,1998-04-10 00:00:00,19980410,1998-04-13,19980413.0,4,3,1,33.8,around the horn,anne dodsworth
770,11017,sql,1998-04-13 00:00:00,19980413,1998-04-20,19980420.0,50,3,1,754.26,ernst handel,anne dodsworth
771,11018,sql,1998-04-13 00:00:00,19980413,1998-04-16,19980416.0,78,9,1,11.65,lonesome pine restaurant,margaret peacock
772,11019,sql,1998-04-13 00:00:00,19980413,,,94,12,0,3.17,rancho grande,michael suyama
773,11020,sql,1998-04-14 00:00:00,19980414,1998-04-16,19980416.0,86,2,1,43.3,ottilies kaseladen,andrew fuller
774,11021,sql,1998-04-14 00:00:00,19980414,1998-04-21,19980421.0,93,6,1,297.18,quick stop,janet leverling
775,11022,sql,1998-04-14 00:00:00,19980414,1998-05-04,19980504.0,64,3,1,6.27,hanari carnes,anne dodsworth
776,11023,sql,1998-04-14 00:00:00,19980414,1998-04-24,19980424.0,5,13,1,123.83,b's beverages,nancy davolio
777,11024,sql,1998-04-15 00:00:00,19980415,1998-04-20,19980420.0,49,9,1,74.36,eastern connection,margaret peacock
778,11025,sql,1998-04-15 00:00:00,19980415,1998-04-24,19980424.0,116,12,1,29.17,wartian herkku,michael suyama
779,11026,sql,1998-04-15 00:00:00,19980415,1998-04-28,19980428.0,56,9,1,47.09,franchi s.p.a.,margaret peacock
780,11027,sql,1998-04-16 00:00:00,19980416,1998-04-20,19980420.0,11,13,1,52.52,bottom dollar markets,nancy davolio
781,11028,sql,1998-04-16 00:00:00,19980416,1998-04-22,19980422.0,69,2,1,29.59,koniglich essen,andrew fuller
782,11029,sql,1998-04-16 00:00:00,19980416,1998-04-27,19980427.0,14,9,1,47.84,chop suey chinese,margaret peacock
783,11030,sql,1998-04-17 00:00:00,19980417,1998-04-27,19980427.0,101,15,1,830.75,save a lot markets,robert king
784,11031,sql,1998-04-17 00:00:00,19980417,1998-04-24,19980424.0,101,12,1,227.22,save a lot markets,michael suyama
785,11032,sql,1998-04-17 00:00:00,19980417,1998-04-23,19980423.0,118,2,1,606.19,white clover markets,andrew fuller
786,11033,sql,1998-04-17 00:00:00,19980417,1998-04-23,19980423.0,98,15,1,84.74,richter supermarkt,robert king
787,11034,sql,1998-04-20 00:00:00,19980420,1998-04-27,19980427.0,85,7,1,40.32,old world delicatessen,laura callahan
788,11035,sql,1998-04-20 00:00:00,19980420,1998-04-24,19980424.0,106,2,1,0.17,supremes delices,andrew fuller
789,11036,sql,1998-04-20 00:00:00,19980420,1998-04-22,19980422.0,47,7,1,149.47,drachenblut delikatessen,laura callahan
790,11037,sql,1998-04-21 00:00:00,19980421,1998-04-27,19980427.0,60,15,1,3.2,godos cocina tipica,robert king
791,11038,sql,1998-04-21 00:00:00,19980421,1998-04-30,19980430.0,106,13,1,29.59,supremes delices,nancy davolio
792,11039,sql,1998-04-21 00:00:00,19980421,,,77,13,0,65.0,lino delicateses,nancy davolio
793,11040,sql,1998-04-22 00:00:00,19980422,,,62,9,0,18.84,great lakes food market,margaret peacock
794,11041,sql,1998-04-22 00:00:00,19980422,1998-04-28,19980428.0,14,6,1,48.22,chop suey chinese,janet leverling
795,11042,sql,1998-04-22 00:00:00,19980422,1998-05-01,19980501.0,15,2,1,29.99,comercio mineiro,andrew fuller
796,11043,sql,1998-04-22 00:00:00,19980422,1998-04-29,19980429.0,104,17,1,8.8,specialites du monde,steven buchanan
797,11044,sql,1998-04-23 00:00:00,19980423,1998-05-01,19980501.0,120,9,1,8.72,wolski zajazd,margaret peacock
798,11045,sql,1998-04-23 00:00:00,19980423,,,11,12,0,70.58,bottom dollar markets,michael suyama
799,11046,sql,1998-04-23 00:00:00,19980423,1998-04-24,19980424.0,46,7,1,71.64,die wandernde kuh,laura callahan
800,11047,sql,1998-04-24 00:00:00,19980424,1998-05-01,19980501.0,49,15,1,46.62,eastern connection,robert king
801,11048,sql,1998-04-24 00:00:00,19980424,1998-04-30,19980430.0,11,15,1,24.12,bottom dollar markets,robert king
802,11049,sql,1998-04-24 00:00:00,19980424,1998-05-04,19980504.0,61,6,1,8.34,gourmet lanchonetes,janet leverling
803,11050,sql,1998-04-27 00:00:00,19980427,1998-05-05,19980505.0,54,7,1,59.41,folk och fa hb,laura callahan
804,11051,sql,1998-04-27 00:00:00,19980427,,,71,15,0,2.79,la maison d'asie,robert king
805,11052,sql,1998-04-27 00:00:00,19980427,1998-05-01,19980501.0,64,6,1,67.26,hanari carnes,janet leverling
806,11053,sql,1998-04-27 00:00:00,19980427,1998-04-29,19980429.0,89,2,1,53.05,piccolo und mehr,andrew fuller
807,11054,sql,1998-04-28 00:00:00,19980428,,,12,7,0,0.33,cactus comidas para llevar,laura callahan
808,11055,sql,1998-04-28 00:00:00,19980428,1998-05-05,19980505.0,65,15,1,120.92,hilarion abastos,robert king
809,11056,sql,1998-04-28 00:00:00,19980428,1998-05-01,19980501.0,49,7,1,278.96,eastern connection,laura callahan
810,11057,sql,1998-04-29 00:00:00,19980429,1998-05-01,19980501.0,83,6,1,4.13,north/south,janet leverling
811,11058,sql,1998-04-29 00:00:00,19980429,,,7,3,0,31.14,blauer see delikatessen,anne dodsworth
812,11059,sql,1998-04-29 00:00:00,19980429,,,97,2,0,85.8,ricardo adocicados,andrew fuller
813,11060,sql,1998-04-30 00:00:00,19980430,1998-05-04,19980504.0,56,2,1,10.98,franchi s.p.a.,andrew fuller
814,11061,sql,1998-04-30 00:00:00,19980430,,,62,9,0,14.01,great lakes food market,margaret peacock
815,11062,sql,1998-04-30 00:00:00,19980430,,,96,9,0,29.93,reggiani caseifici,margaret peacock
816,11063,sql,1998-04-30 00:00:00,19980430,1998-05-06,19980506.0,67,6,1,81.73,hungry owl all night grocers,janet leverling
817,11064,sql,1998-05-01 00:00:00,19980501,1998-05-04,19980504.0,101,13,1,30.09,save a lot markets,nancy davolio
818,11065,sql,1998-05-01 00:00:00,19980501,,,76,7,0,12.91,lila supermercado,laura callahan
819,11066,sql,1998-05-01 00:00:00,19980501,1998-05-04,19980504.0,118,15,1,44.72,white clover markets,robert king
820,11067,sql,1998-05-04 00:00:00,19980504,1998-05-06,19980506.0,47,13,1,7.98,drachenblut delikatessen,nancy davolio
821,11068,sql,1998-05-04 00:00:00,19980504,,,92,7,0,81.75,queen cozinha,laura callahan
822,11069,sql,1998-05-04 00:00:00,19980504,1998-05-06,19980506.0,110,13,1,15.67,tortuga restaurante,nancy davolio
823,11070,sql,1998-05-05 00:00:00,19980505,,,74,2,0,136.0,lehmanns marktstand,andrew fuller
824,11071,sql,1998-05-05 00:00:00,19980505,,,76,13,0,0.93,lila supermercado,nancy davolio
825,11072,sql,1998-05-05 00:00:00,19980505,,,50,9,0,258.64,ernst handel,margaret peacock
826,11073,sql,1998-05-05 00:00:00,19980505,,,88,2,0,24.95,pericles comidas clasicas,andrew fuller
827,11074,sql,1998-05-06 00:00:00,19980506,,,103,15,0,18.44,simons bistro,robert king
828,11075,sql,1998-05-06 00:00:00,19980506,,,98,7,0,6.19,richter supermarkt,laura callahan
829,11076,sql,1998-05-06 00:00:00,19980506,,,10,9,0,38.28,bon app',margaret peacock
830,11077,sql,1998-05-06 00:00:00,19980506,,,95,13,0,8.53,rattlesnake canyon grocery,nancy davolio
831,30,excel,2006-01-15 00:00:00,20060115,2006-01-22,20060122.0,17,4,1,200.0,company aa,anne hellung larsen
832,31,excel,2006-01-20 00:00:00,20060120,2006-01-22,20060122.0,22,5,1,5.0,company d,jan kotas
833,32,excel,2006-01-22 00:00:00,20060122,2006-01-22,20060122.0,30,10,1,5.0,company l,mariya sergienko
834,33,excel,2006-01-30 00:00:00,20060130,2006-01-31,20060131.0,26,11,1,50.0,company h,michael neipper
835,34,excel,2006-02-06 00:00:00,20060206,2006-02-07,20060207.0,22,4,1,4.0,company d,anne hellung larsen
836,35,excel,2006-02-10 00:00:00,20060210,2006-02-12,20060212.0,21,5,1,7.0,company cc,jan kotas
837,36,excel,2006-02-23 00:00:00,20060223,2006-02-25,20060225.0,20,10,1,7.0,company c,mariya sergienko
838,37,excel,2006-03-06 00:00:00,20060306,2006-03-09,20060309.0,24,8,1,12.0,company f,laura giussani
839,38,excel,2006-03-10 00:00:00,20060310,2006-03-11,20060311.0,19,4,1,10.0,company bb,anne hellung larsen
840,39,excel,2006-03-22 00:00:00,20060322,2006-03-24,20060324.0,26,5,1,5.0,company h,jan kotas
841,40,excel,2006-03-24 00:00:00,20060324,2006-03-24,20060324.0,28,10,1,9.0,company j,mariya sergienko
842,41,excel,2006-03-24 00:00:00,20060324,,,25,14,0,0.0,company g,nancy freehafer
843,42,excel,2006-03-24 00:00:00,20060324,2006-04-07,20060407.0,28,14,1,0.0,company j,nancy freehafer
844,43,excel,2006-03-24 00:00:00,20060324,,,29,14,0,0.0,company k,nancy freehafer
845,44,excel,2006-03-24 00:00:00,20060324,,,16,14,0,0.0,company a,nancy freehafer
846,45,excel,2006-04-07 00:00:00,20060407,2006-04-07,20060407.0,19,14,1,40.0,company bb,nancy freehafer
847,46,excel,2006-04-05 00:00:00,20060405,2006-04-05,20060405.0,27,16,1,100.0,company i,robert zare
848,47,excel,2006-04-08 00:00:00,20060408,2006-04-08,20060408.0,24,11,1,300.0,company f,michael neipper
849,48,excel,2006-04-05 00:00:00,20060405,2006-04-05,20060405.0,26,10,1,50.0,company h,mariya sergienko
850,50,excel,2006-04-05 00:00:00,20060405,2006-04-05,20060405.0,43,4,1,5.0,company y,anne hellung larsen
851,51,excel,2006-04-05 00:00:00,20060405,2006-04-05,20060405.0,44,4,1,60.0,company z,anne hellung larsen
852,55,excel,2006-04-05 00:00:00,20060405,2006-04-05,20060405.0,21,14,1,200.0,company cc,nancy freehafer
853,56,excel,2006-04-03 00:00:00,20060403,2006-04-03,20060403.0,24,1,1,0.0,company f,andrew cencini
854,57,excel,2006-04-22 00:00:00,20060422,2006-04-22,20060422.0,17,4,1,200.0,company aa,anne hellung larsen
855,58,excel,2006-04-22 00:00:00,20060422,2006-04-22,20060422.0,22,5,1,5.0,company d,jan kotas
856,59,excel,2006-04-22 00:00:00,20060422,2006-04-22,20060422.0,30,10,1,5.0,company l,mariya sergienko
857,60,excel,2006-04-30 00:00:00,20060430,2006-04-30,20060430.0,26,11,1,50.0,company h,michael neipper
858,61,excel,2006-04-07 00:00:00,20060407,2006-04-07,20060407.0,22,4,1,4.0,company d,anne hellung larsen
859,62,excel,2006-04-12 00:00:00,20060412,2006-04-12,20060412.0,21,5,1,7.0,company cc,jan kotas
860,63,excel,2006-04-25 00:00:00,20060425,2006-04-25,20060425.0,20,10,1,7.0,company c,mariya sergienko
861,64,excel,2006-05-09 00:00:00,20060509,2006-05-09,20060509.0,24,8,1,12.0,company f,laura giussani
862,65,excel,2006-05-11 00:00:00,20060511,2006-05-11,20060511.0,19,4,1,10.0,company bb,anne hellung larsen
863,66,excel,2006-05-24 00:00:00,20060524,2006-05-24,20060524.0,26,5,1,5.0,company h,jan kotas
864,67,excel,2006-05-24 00:00:00,20060524,2006-05-24,20060524.0,28,10,1,9.0,company j,mariya sergienko
865,68,excel,2006-05-24 00:00:00,20060524,,,25,14,0,0.0,company g,nancy freehafer
866,69,excel,2006-05-24 00:00:00,20060524,,,28,14,0,0.0,company j,nancy freehafer
867,70,excel,2006-05-24 00:00:00,20060524,,,29,14,0,0.0,company k,nancy freehafer
868,71,excel,2006-05-24 00:00:00,20060524,,,16,14,0,0.0,company a,nancy freehafer
869,72,excel,2006-06-07 00:00:00,20060607,2006-06-07,20060607.0,19,14,1,40.0,company bb,nancy freehafer
870,73,excel,2006-06-05 00:00:00,20060605,2006-06-05,20060605.0,27,16,1,100.0,company i,robert zare
871,74,excel,2006-06-08 00:00:00,20060608,2006-06-08,20060608.0,24,11,1,300.0,company f,michael neipper
872,75,excel,2006-06-05 00:00:00,20060605,2006-06-05,20060605.0,26,10,1,50.0,company h,mariya sergienko
873,76,excel,2006-06-05 00:00:00,20060605,2006-06-05,20060605.0,43,4,1,5.0,company y,anne hellung larsen
874,77,excel,2006-06-05 00:00:00,20060605,2006-06-05,20060605.0,44,4,1,60.0,company z,anne hellung larsen
875,78,excel,2006-06-05 00:00:00,20060605,2006-06-05,20060605.0,21,14,1,200.0,company cc,nancy freehafer
876,79,excel,2006-06-23 00:00:00,20060623,2006-06-23,20060623.0,24,1,1,0.0,company f,andrew cencini
877,80,excel,2006-04-25 17:03:55,20060425,,,22,1,0,0.0,company d,andrew cencini
878,81,excel,2006-04-25 17:26:53,20060425,,,20,1,0,0.0,company c,andrew cencini
